CIN,PIN,sex,pref.active,pref.warm,pref.reliable,pref.emo.unstable,pref.cultured,pref.unenergetic,pref.unagreeable,pref.conscientious,pref.insecure,pref.knowledgeable,pref.submissive,pref.lenient,pref.careful,pref.nervous,pref.intelligent,pref.bold,pref.stubborn,pref.well.organized,pref.relaxed,pref.imperceptive,pref.independent,pref.suspicious,pref.lazy,pref.temperamental,pref.creative,pref.humble,pref.fair,pref.untraditional,pref.unemotional,pref.complex,pref.talkative,pref.selfish,pref.conservative,pref.jealous,pref.uncurious,pref.retiring,pref.generous,pref.impractical,pref.objective,pref.unanalytical,active.comp,warm.comp,reliable.comp,emo.unstable.comp,cultured.comp,unenergetic.comp,unagreeable.comp,conscientious.comp,insecure.comp,knowledgeable.comp,submissive.comp,lenient.comp,careful.comp,nervous.comp,intelligent.comp,bold.comp,stubborn.comp,well.organized.comp,relaxed.comp,imperceptive.comp,independent.comp,suspicious.comp,lazy.comp,temperamental.comp,creative.comp,humble.comp,fair.comp,untraditional.comp,unemotional.comp,complex.comp,talkative.comp,selfish.comp,conservative.comp,jealous.comp,uncurious.comp,retiring.comp,generous.comp,impractical.comp,objective.comp,unanalytical.comp
1,2,0,6,7,7,7,5,6,5,7,7,7,5,4,7,6,7,4,7,7,7,7,5,7,7,7,7,5,7,4,1,7,5,7,4,4,7,7,7,7,6,4,5,5.75,6.5,6.25,3.75,5.75,6,4.75,5.75,5,4.75,5,5.25,4.25,4.75,3.75,5.5,4.75,3.75,5,5.25,5.75,6.25,6,6,4,5.5,5.75,3.75,2.75,3.5,5,4,4.5,4.75,5.25,5,5.25,3.75,4.75
2,4,0,7,7,7,7,6,6,6,7,6,7,2,6,6,7,7,6,5,6,7,6,2,7,7,2,7,7,7,4,2,2,2,6,1,5,6,6,4,6,6,2,4,5,5,3.5,4.5,3.5,4,5.5,3.5,5,4.25,5,5.25,4.5,5,4.5,1.5,4.25,5,5.5,6.25,4.5,5.75,3.75,4.5,5.25,4.75,3.5,3.5,4.25,4.25,4.25,2.5,4.75,5,4.5,4.75,5.25,3.25,4
3,6,0,6,6,5,7,6,6,6,6,7,6,5,4,4,7,6,5,7,5,6,6,7,6,6,7,7,6,6,2,3,6,6,4,2,7,6,7,5,6,6,4,6,5.25,5.5,6,5.75,5.75,5.75,5.5,5.75,6,5.25,4.25,4.5,5.75,6.5,5.25,4,4.25,5.5,5,6.25,5.25,5,5.25,5.75,4.5,5.25,2.75,4.25,4.5,4.25,3.5,2.25,6.5,6.25,5,4.75,5.75,3.5,6.25
4,8,0,7,7,7,7,7,4,4,7,7,7,7,4,7,7,7,7,7,7,5,7,7,7,6,7,4,7,7,7,4,6,7,4,4,7,7,7,5,7,5,5,6,5.5,5.5,6,5,6.25,5.25,5.75,5.75,5.75,5.25,4.25,5.75,4.25,5.75,5.25,5,5.25,3.75,5.5,3.75,4,6,4.5,4.75,6,5.75,5.5,3.75,3.25,5,4.75,5.5,5,4.75,6.25,5,5.75,4.25,5.25
5,10,0,7,7,7,7,6,7,4,7,7,6,5,4,7,7,7,5,3,6,6,7,7,7,7,6,6,6,7,6,3,6,6,4,5,4,6,7,4,5,5,6,4,5,5,6,4.25,4.5,5.5,5,5,5,3.5,3.75,4.75,5,5,4.5,3.5,4.5,5,4.75,4.5,5,4.75,3.5,4.25,4,4.5,4.75,3.75,3.5,4.25,4,3.5,4.5,4.25,5.25,4.25,4.75,4,4
6,12,0,7,7,7,2,5,7,7,7,7,7,4,4,7,6,7,4,6,6,6,6,6,7,7,7,4,6,7,4,2,4,5,6,4,5,5,6,5,6,4,4,5.75,6.25,6.25,5.75,5.5,6.25,6.25,6,5,6,5,3.5,5.5,4.5,5.75,4.75,4,6.25,4.5,5.75,5,4.5,5.5,4.75,5,5,5.5,6,4,4.5,5.5,4.5,6,3.75,5.75,5.75,4.25,5,4.25,4.75
7,14,0,5,6,6,6,6,6,6,6,6,7,4,4,7,7,7,4,6,7,4,7,4,6,6,7,7,4,6,2,4,4,4,4,3,6,7,6,6,5,4,4,5.25,4.25,5.5,4.75,6,4.5,5.25,5.75,5.25,6,4.25,3.5,5.25,5,6.75,4.75,4.25,5,4.25,6,4.75,5,6,5.25,6.25,5.75,5.5,3.5,3,5.75,4,3.75,2.5,5,6.25,4.25,3.75,6.25,5.25,6
8,16,0,7,7,7,7,6,7,7,6,6,6,6,5,6,7,7,7,6,7,6,7,7,6,7,7,6,7,7,2,1,6,7,4,2,7,7,7,7,7,2,1,6.25,6.25,4.5,5.75,5,6.25,6.25,4.75,5.5,5.25,5.5,4.5,4,6.25,5.5,6,4.5,3.25,5.5,5.5,5.25,3.5,5.25,5,5.5,5.25,5.25,2.75,2.75,3.5,6.25,4.5,2.75,4.75,6,6.25,4.75,4,3.75,3.75
9,18,0,6,7,7,7,6,7,6,6,7,7,6,5,7,6,6,6,6,6,4,6,6,7,6,7,6,7,7,4,2,4,6,6,4,3,6,6,7,7,4,4,5.5,5.75,5.5,5,4.5,5.5,5.5,4.75,5,5,5.25,4.75,4.5,4.75,5,5.75,5,3.75,5,4.75,5.25,5.5,5.5,4.5,6.25,5.25,5.5,4,3,3.5,5.25,4.5,4,5.333333333,4.5,6.25,5,5.5,4.75,4
10,20,0,6,7,7,7,4,6,NA,6,7,6,5,4,6,7,7,5,7,6,7,6,6,7,7,7,7,5,7,4,2,6,5,6,4,3,6,7,7,6,5,5,5.25,6,4.75,3.75,5.25,5.75,6.25,5.5,5.5,5.75,4.75,3.75,4.25,5.75,5.75,4.5,5.25,4.5,5.25,5.25,4.25,5.5,5,5.25,5.75,5.25,5.5,5.5,3.25,5,4.75,3.75,4,5,6,5.5,5.25,5,4.5,4.75
11,22,0,5,7,6,6,4,5,6,6,6,5,4,5,6,6,5,4,5,6,6,6,4,6,7,6,5,5,6,5,3,5,5,5,5,3,5,6,5,6,4,5,3,4.75,5.25,5,5.25,4,4.25,5,4.75,5.25,3.75,4.25,4.75,4.75,5.5,3.5,3.75,4.5,4.25,5,4.75,4.25,5.25,3.25,4,4,5,5.25,3.5,3.5,4,3.75,4.25,5,4.25,3.5,5,3.5,3.75,4
12,24,0,5,7,7,6,4,5,6,6,6,6,5,3,5,5,6,5,3,6,5,5,6,7,7,5,6,6,7,6,2,3,6,5,5,3,5,6,7,6,5,4,4.5,5,5.25,4.5,4,5,5.75,6,4,4.25,4.75,5.25,4.5,4.75,4.5,4.75,3.5,4,4.25,4.75,4.25,5,5,2.25,4.75,5,5.75,5.5,3.75,3.75,4.25,4.25,4.5,3.25,5,4.25,3.5,5.75,3.75,4
13,26,0,4,7,7,7,6,6,6,6,7,6,4,4,6,6,7,4,7,6,6,7,4,7,6,7,4,4,7,6,2,4,5,6,3,7,6,5,7,7,4,4,4.5,5.25,5.5,5.75,5,5.75,5.25,5.25,5,5.25,4.5,3.25,4.75,4.75,5.25,4.5,4.25,4.5,5,4.25,5,5.5,6,4.75,5.75,4.75,5.5,4.75,3.75,4.5,4,5,4,4.5,4.75,4.5,5.25,5.25,5.25,5.25
14,28,0,6,7,7,6,6,4,5,5,6,6,4,6,5,6,6,6,7,5,6,7,6,6,6,7,4,3,7,2,2,6,4,5,2,7,7,6,6,6,2,6,5,5.5,5.5,5.5,5.5,4.75,5.75,5.75,4.5,5.75,4,4.75,5.75,4.5,5.75,4.25,5,5.5,4.75,5.25,4.5,5.25,5.75,5,5,4.25,6,4.75,3.5,4.5,4,4.75,2.75,4.75,5.25,5.25,4.75,5.5,5,4.75
15,30,0,4,5,5,7,5,6,4,5,6,7,4,4,5,5,7,4,6,4,6,6,6,5,6,6,7,5,6,4,5,4,3,4,6,4,6,5,4,6,6,5,5,5.25,5,5.5,3.75,4.25,5,4.75,4.5,5,4.75,3.25,5.25,4,5,4,4,4,4.75,5,5.5,5.25,4.25,4.75,5.25,4.25,5.25,4.5,3,3.5,4,3,3,3.5,4.75,4.75,3,4.75,5.5,3.5
16,32,0,7,7,7,7,4,6,5,7,7,7,4,5,6,7,7,6,7,7,7,7,5,7,7,7,5,4,6,4,2,2,6,7,3,7,5,7,7,7,3,5,5.5,5.75,4.75,5.5,4.25,5.75,5.25,5,5.5,5.5,4.5,5,4,5.5,5,5.25,5,4,4.25,4.25,4,5.5,4.5,4.75,4.5,4,5.5,4,3,3.25,5.75,4.5,2,5.25,4.25,6,6,4,4,4.75
17,34,0,5,7,6,7,6,7,6,7,6,7,4,7,7,7,7,4,7,5,7,7,6,7,6,7,5,5,7,2,1,6,4,7,2,7,7,5,7,2,7,6,3,4,4.5,4.75,4,3.25,3.5,4.75,3.25,4.5,3.25,4,4,3.25,5,3,3.5,4.5,4.75,3.25,4.5,4,4.25,3.75,4.5,3.75,4.75,3.5,3.5,4.5,2.75,5,3.25,4.25,4,3.75,5,4.5,4,4
18,36,0,3,6,5,7,5,5,5,6,7,7,4,4,5,5,7,3,5,5,5,6,5,4,6,6,4,3,5,4,4,6,3,3,3,4,5,3,4,6,5,4,3.25,3.75,5.25,3.75,4,3,5.25,5.25,3.5,5.5,3,4,4.5,3.5,5.75,2.5,4.5,3.75,4.25,3.75,3,3.25,5,5,4.75,4,5.5,4.75,4.25,4.75,3,3.75,3.75,4.5,4.75,2.75,3.25,4.75,4.25,5.5
19,38,0,2,7,7,7,5,3,5,7,7,7,4,3,5,7,7,6,7,6,7,7,7,7,5,7,7,1,7,7,5,2,2,7,7,7,6,6,7,7,7,7,5,5.25,6,5.5,5.5,5.5,6,6.5,6.5,5.25,4.25,3.5,6.25,5,5.75,4.25,4.25,5,5.25,5.75,3.75,5.75,6,5,5.75,3.75,6,6.5,3.5,4.5,4.25,5.75,6.5,6.25,4.5,4.25,5.75,5.5,5.5,4.5
20,40,0,7,7,7,7,4,7,4,7,7,7,5,1,7,7,7,4,7,4,7,4,5,7,7,7,4,1,7,7,4,1,7,7,1,4,4,7,7,1,4,4,4.75,4.5,4.5,4.5,3.75,4.75,5.25,4.75,4.25,5.5,4.5,2.75,4.75,4,5.5,4.25,4.25,4.5,3.75,6,5,3.25,5.25,3.75,4,2.75,5.25,3.75,3,5.25,4,4.5,3,3,5.5,4.75,5,5,4.75,5
21,42,0,5,4,7,1,7,6,4,1,4,7,4,4,7,7,7,6,4,7,4,7,7,4,7,7,7,4,7,4,2,6,7,4,7,7,7,7,7,5,7,7,5.25,4.75,6,5,4,5.25,4.75,6,4.25,5.25,4.75,3.5,4.5,4.25,5.5,4.25,4.5,4.75,4.5,4.75,4.25,5.75,5.75,3.75,4.5,3.5,5.5,3.75,3.25,5,4.75,4.25,4,5,3.75,5.25,5.25,5.25,5.75,4.75
22,44,0,6,6,6,7,5,6,6,6,7,6,4,5,5,7,6,6,7,6,7,7,6,7,5,7,6,4,6,4,3,4,5,4,4,6,6,6,6,5,4,4,5.25,5.75,5.5,5.75,5.5,5.5,5,5.5,5.5,5.75,4.75,3.75,4.5,5.5,6.25,5,5.5,4.25,4.5,5.75,5.75,5.75,5.25,4.5,5.5,4.5,5.75,3.25,3,5,4.5,5,1.75,6,6,5.5,5.25,3.75,4,4.75
23,46,0,6,6,6,6,4,6,6,6,5,6,4,5,6,6,6,4,6,5,6,6,6,7,7,7,7,7,6,4,2,4,6,4,2,4,5,6,5,6,7,4,5,5,5.25,4.5,4,5.5,4.5,4.25,4.25,5.25,4.5,3.5,4.25,5.25,5.75,5.5,3.25,3.75,5.25,4.25,5.75,5,5.25,2.5,6,3.75,5.5,4.5,3.25,4.25,5,4.75,2.75,5,5,5.25,5.75,3.75,3,4
24,48,0,5,7,6,6,7,6,6,6,6,6,4,5,6,6,6,5,5,5,6,6,7,7,6,7,7,5,6,6,2,6,5,6,5,7,6,6,7,6,6,4,4,4.25,5.25,4.5,5.5,4.5,4.5,5.25,4.75,5.25,4.5,3,5,3.5,6,4.25,3,4.25,3.25,5.5,5.5,5,5.5,4.5,6,4.75,5.25,5.25,3.75,5.75,4,4.75,4.25,5,5.25,4,5.5,4.25,3.5,5
25,50,0,5,6,6,2,6,6,7,5,6,6,5,4,6,6,6,4,5,5,4,4,5,7,5,5,5,5,6,6,2,4,4,4,4,5,4,5,5,5,4,4,4.75,4,6,6,5.5,4.5,6,6,6.25,5.25,4.75,4,4.75,5.25,6,5.5,3.25,4.5,5.5,6.25,4.25,4.25,5.25,5,5.25,5,5.75,5,3.75,4.75,4.75,3.75,4.25,4,5,5.25,5,5.5,5,4.25
26,52,0,6,6,6,7,6,7,7,7,6,7,4,4,5,6,7,5,7,6,7,7,7,6,6,7,7,5,7,2,3,5,6,4,2,7,7,6,6,4,4,3,5.5,5.75,6.5,5.5,5,5.75,5.5,6.75,5.25,6,5.25,3.25,5.75,4.25,6.25,4.5,5,6.25,3.75,5.75,5,5.25,6.75,4.75,4.75,5.5,5.75,5.25,3.5,5.75,4.75,4.25,3.25,6,6,4.75,4.25,6.25,3.5,4.75
27,54,0,4,7,7,7,7,7,7,7,7,7,4,4,7,7,7,4,7,7,7,7,4,7,7,7,4,7,7,7,1,7,4,1,4,7,4,7,7,7,7,7,5,6.25,6,6.25,5.25,6,5.75,5.75,6,4.75,4.25,4,5.5,4.5,4.75,4.75,4.5,4,5,5.75,4.5,5.5,5.75,4.75,4.75,4.75,5.75,5,3,4.5,5,4.75,3.75,4.25,5.25,5.75,5,4.75,3.75,4.5
28,56,0,6,7,6,7,5,6,6,6,7,6,4,4,6,6,6,4,6,6,4,6,2,6,5,7,5,7,7,4,2,5,5,4,4,6,6,6,7,6,5,6,4.5,5.75,6.25,6.75,4.75,4,5.5,6,6,5.25,5.25,4.25,5.25,5.5,4.75,4.5,4.75,4.75,5.75,5,6,4.5,6,6,4.5,6,6,4.5,3.75,3.75,4.25,5,3.75,5,4.75,5.25,5.25,5.5,6,4.75
29,58,0,5,7,7,7,7,7,7,7,7,7,7,3,7,7,7,4,5,4,5,7,7,7,7,7,7,4,7,4,1,4,5,3,3,7,7,7,7,4,4,4,5.5,5.75,6.75,5,5.75,5.75,6.75,7,6.5,7,5.25,4,6.25,5.75,6.75,5.25,5,5,5.75,6.5,4.75,4.25,7,5.25,5.75,4.75,5.75,4.5,2.75,4.75,5.25,4.5,4.5,4.25,6.25,4.5,5.75,6.25,4.25,6
30,60,0,6,7,7,6,7,4,6,6,6,7,5,6,6,6,7,5,6,6,5,6,5,6,5,4,7,5,7,4,3,3,5,5,3,5,7,5,5,3,3,3,4.25,4,4,3.5,4,5,4.5,4.25,4,5.25,5,3.25,4.5,4.5,5.25,4.5,2.5,3.5,4,5,6.25,3.75,5,3.5,4.25,3.75,4.75,2.25,3.5,4,4,2.75,3,4.25,4.25,3.75,3.75,5.5,3.5,5
31,62,0,7,7,7,7,7,7,7,7,7,7,5,4,6,6,7,5,5,6,4,7,5,5,6,7,7,6,7,7,2,3,6,6,4,4,3,5,6,7,5,5,6.25,5.25,5.25,4,5,5.5,2.25,4.25,4.25,5.5,5.75,2.5,4.75,3.75,5.75,5.75,2,4.25,3.25,5.25,5.5,4.25,4.5,1.75,3.75,5.75,3.5,5.75,3.25,5,6.25,2.75,5.75,3.75,4.25,5.5,3,5.5,4.25,5
32,64,0,5,7,7,7,5,7,7,7,7,7,5,4,7,7,7,6,7,6,7,7,7,7,7,7,6,5,7,6,3,4,5,6,6,7,7,7,7,6,5,6,4.5,3.5,6.5,4.5,5.75,5.5,4.25,6.5,5.25,5.75,5,2.25,6,4.75,6,5.25,3.75,5.75,4,5.75,5.75,3,6.5,4.5,5.5,5.75,5.75,6.25,3.75,4.75,5.75,3.25,6.25,4,6,5.5,4.25,6,4,5.75
33,66,0,5,7,7,6,6,5,6,7,7,7,4,4,5,6,7,5,5,6,7,7,7,7,6,6,4,4,7,2,4,4,4,4,1,7,6,6,6,6,4,5,4,5.5,4.75,4.75,5.25,4,4.75,4.5,5.25,5.75,4.25,4.5,4,5.75,5.75,4.5,4.25,4,5.25,5.5,6.5,5,3.5,4.5,5.25,5,5.25,2.5,3.5,4.5,3.5,4.75,1.75,6,5.5,5.5,4.5,5,4.25,5.25
34,68,0,6,6,6,6,6,6,6,7,6,6,4,6,6,5,6,5,6,6,5,6,6,7,6,6,6,6,7,5,3,5,6,6,4,3,5,5,6,5,5,4,5.25,5.5,6.25,3.75,5,4.5,4.75,6,5,5,4.5,4.25,5.75,4.75,5.25,4.5,4.5,5.25,4.75,5,5,5.25,5,4.5,4.75,4.75,5,4.75,3.25,4.25,5,4.25,3.5,4.25,5.75,5.5,4.75,5.75,4.5,4.5
35,70,0,5,6,6,7,6,7,7,4,7,6,3,5,6,7,6,6,7,6,6,6,6,7,7,4,6,2,6,6,5,3,3,5,6,5,5,5,6,6,3,3,3.25,5,5.75,5.5,5.75,3.75,4.75,5.75,5.25,5.5,5.25,3.25,5.25,5.5,5.5,5.25,3.75,5.5,5.25,5.25,5.5,5.75,5.25,5.25,3.75,5.25,5.75,4.75,4.25,5,4.25,4.75,4,4.5,4.75,5,4.75,5,5.25,5.25
36,72,0,7,7,7,7,7,6,7,7,7,7,5,7,7,7,7,5,7,7,7,7,7,6,7,7,7,6,7,1,3,1,4,5,1,7,7,6,7,7,7,7,5.25,5.25,6.25,6.5,6.25,5,5.5,6.25,6.75,6,5.25,4.25,5.75,5.75,5.75,5.25,5,4.5,6,5.75,5.25,5.75,5.5,5.75,5,5.5,6.25,4,3.75,4,5.5,5.5,1.75,5.25,5.5,5.5,5.25,5.75,6,5.75
37,74,0,6,6,6,6,6,6,6,6,6,6,4,4,6,6,6,6,6,6,6,6,5,6,5,5,5,4,6,5,3,5,4,5,5,4,5,5,5,5,4,4,6,5.75,6.25,6,5.25,6.5,5.25,6.5,5.25,5.75,5,3.25,5.5,4.75,6,4.75,3.5,6.75,4.5,6,5.25,4,6.5,5.25,5.75,4,5.25,5.25,3.25,3.75,4.25,4,5.25,3.75,5.75,5.25,5,6,5,5
38,76,0,6,7,6,7,5,6,6,6,7,6,4,4,6,6,6,5,6,6,6,6,4,6,6,6,6,6,6,6,2,5,4,4,4,6,6,6,6,6,4,6,3,4.25,5.25,4.75,4,3.25,4.75,5,5.5,4.75,3.25,4.75,4.75,5.25,5,3.75,4.5,5,5,4.25,5,5.25,4.25,5.75,3.75,4.5,5.25,4.75,3.75,3.25,2.75,4.25,4.25,4.5,4,3.25,4.75,5.75,4.75,4.5
39,78,0,6,6,7,7,5,6,6,6,7,6,4,4,5,6,5,5,6,6,5,5,4,7,7,6,5,5,6,5,3,4,5,5,3,7,4,5,5,6,4,4,3.75,4,4.75,5.5,3.5,4.25,4.75,4.25,4.25,5,5,4,4.25,4.5,4.75,4.75,3.5,4.5,4.25,4,5,4.25,4.75,4.5,4,4.25,5,5,5,3,3.5,3.75,3.5,4.25,4.25,4.25,4.25,5.25,4,4.5
40,80,0,7,7,7,7,4,7,7,6,7,7,4,6,7,7,7,4,7,6,7,6,7,7,7,7,7,4,7,4,5,4,2,4,4,7,7,6,7,6,7,6,5.25,5.75,6,4.5,4.75,5,4.75,6,5.75,5.25,4.75,3.25,5.5,5.25,5.25,5,3.5,5,4.5,5,4.75,4.25,5.5,4.75,4.25,5,4.75,5.75,4,3.75,4.5,4.75,5,4.5,4.75,4.75,4,5.5,4.5,4.25
41,82,0,7,7,7,7,6,6,6,7,7,7,4,4,7,7,7,4,7,7,7,6,7,7,7,6,6,4,7,7,2,3,6,7,7,7,7,7,7,6,6,4,5.75,6,6,5.75,5,5.75,5.5,6,4.5,5.75,3.75,4.75,4.25,4.25,5.75,3.5,5.5,5.5,5.5,4.75,3,5.5,5.25,5,4.75,3.75,5.5,6,3,4.25,4.5,4.75,5.5,4.5,4.5,5,5,5.5,4.25,4.75
42,84,0,7,7,6,7,6,7,6,6,7,7,4,4,6,7,7,5,5,5,7,7,6,7,7,7,5,4,7,5,2,3,4,4,5,7,7,6,5,7,4,5,6.5,6,5.5,5,4.5,6.5,5.25,6.5,5,5.5,5.25,3.5,5.75,4.75,5.75,5.5,3.75,4.25,3.75,5.75,5.75,3.5,5.75,3.75,6,5.25,5.75,4.25,2.75,5.25,6,4.5,3,4.25,6.25,6.25,5,5,4.75,5.25
43,86,0,6,7,7,6,5,7,6,6,7,6,5,4,5,6,6,5,6,6,6,6,6,7,6,6,5,6,6,6,3,4,6,5,4,6,6,7,6,6,5,6,5.25,5.75,6.25,5,4.5,5.75,5.75,4.75,5.5,5.25,4,4.25,5,4.75,5,4.75,4.75,5.25,4.25,4.5,4.5,4.5,5,4.75,4.5,4.25,5.5,4.5,3.25,3.5,5.25,4.5,4.75,4.5,4.75,5.25,5.25,5.25,4.5,4.75
44,88,0,6,6,6,7,7,7,5,7,7,7,6,5,7,7,7,7,4,7,5,7,6,7,7,7,6,7,7,5,2,4,6,7,7,3,6,7,6,7,6,6,6,5.5,6.25,6.25,5.75,6,5,6,6.25,6,5.5,4.5,5.25,5.75,5.75,5.75,4.5,4.5,5.25,5.75,5,2,6,5.75,4.5,5.25,5.5,4.75,4.75,5,5.5,4.25,3.75,4.5,6,6.5,4.5,5.75,4.5,5.75
45,90,0,7,7,7,7,6,6,7,7,7,7,4,4,4,6,7,7,7,7,7,7,7,7,4,7,7,4,7,2,4,4,4,4,2,7,6,4,7,7,4,4,3.75,4.5,5,4,5.25,4,4.25,5.25,4.25,5.75,3.5,3.75,5,4.25,5.75,3.5,3.5,4.75,4.25,6.25,6.25,3.25,4.25,4.25,6.75,4.75,5,2,2.75,6,3.75,4,3,5.75,6.25,3.75,3.75,3.75,1.75,3.75
46,92,0,6,7,7,1,6,6,6,7,7,6,4,5,6,7,6,5,6,6,6,6,6,6,6,6,6,5,7,2,2,4,5,6,2,7,7,7,6,6,4,5,5.25,5.75,6,5.5,4.75,4.5,6.5,6,5.5,6.25,4.25,3.5,5.25,6.5,6,4.5,4.75,5.5,5.5,6,5,5.75,5.75,5.5,5.25,4,5.5,5,3.25,5,4.5,4.5,2.5,5,5.5,5,4.25,5.5,4.75,4.75
47,94,0,6,6,6,6,6,7,6,4,6,6,2,4,6,6,6,4,4,6,6,4,4,6,6,5,6,6,4,4,4,4,4,4,4,6,4,6,6,5,3,4,3.75,4.25,5,5.25,3.75,3.5,5.25,4.5,5,4,4.25,4.25,5.25,4.25,4.5,4,4.25,4.25,5,3.75,5.5,5.5,5.5,4.5,4.75,3.5,4.666666667,4.25,4.25,2.75,2.75,4,4,5,3.75,3.75,4.75,5.75,4.25,4.25
48,96,0,7,7,7,7,7,7,7,6,7,7,5,3,7,7,7,5,6,7,7,7,6,7,7,7,7,5,7,7,1,5,7,6,4,4,5,7,7,6,4,5,4.75,5.75,5.5,4.5,4.75,5.75,5.75,5,5,5.25,4.75,3,4.75,5.75,5.75,5.5,4.25,3.75,5.5,4.75,4.75,4.75,5.5,4.25,4.75,4.75,5,5.75,3.25,3,5.25,3.25,3.25,3.25,5.5,5.75,4.75,4.75,4,3.75
49,98,0,6,7,7,7,7,6,6,7,7,7,5,6,7,7,7,6,7,7,5,7,7,4,6,7,7,7,7,4,2,6,4,4,3,5,6,6,7,6,4,6,6,5.75,5.75,3.5,6,5.75,4.25,6.25,5,5,5.75,3,5.5,2.75,5,6,3.5,6,3,5,5.75,5.25,6.25,3.5,4.75,5.75,4.75,3,2,4.75,6.25,3.25,5,4.25,4.75,6.25,4,6,5.5,5.666666667
50,100,0,6,7,7,7,7,4,5,7,7,7,4,5,6,6,7,5,5,6,7,7,7,7,7,7,6,4,7,1,1,6,6,6,2,7,7,7,7,4,6,4,5.75,6.25,6.5,6.5,6.25,5.75,6.25,6.25,5.5,6,4.5,4.5,5.75,4.75,6.25,5,6,4.5,4.75,5.5,5.75,6.5,5.75,5.5,5.5,5.5,6.5,3.75,3.25,4.75,5.5,5.5,2,6.25,5.75,5.75,6,4.75,5.5,5.75
51,102,0,5,6,6,6,4,6,6,5,6,6,4,4,6,7,7,5,6,6,6,7,6,5,6,6,5,4,7,2,4,6,4,5,2,7,7,7,6,6,4,4,4.5,5,6,5,4.75,4.75,5.5,5.75,5.5,6.25,4.5,4.75,5.25,4.5,6.5,5.5,3,4.75,4.5,5.75,5,5.75,6,5.25,6,3.75,6.25,2.75,3.5,5.25,4.5,5,2.25,5.25,5.75,5,5.25,5.75,4.5,5.25
52,104,0,6,7,7,7,6,7,6,7,6,7,4,4,7,7,7,6,7,7,5,7,6,7,7,7,6,7,7,7,4,6,7,4,6,4,7,7,6,7,7,7,5.25,5,6.25,5.5,5.5,5.5,4.25,6,5,5.25,5.5,3.25,5,4.25,5.75,5.5,3.5,4.25,3.5,5,5,4,6.25,4.75,5,6.5,5.25,5.75,3.5,4.5,4.75,3.25,4.75,5,5,5.5,3.5,5,4.5,4.75
53,106,0,7,7,7,7,5,6,7,7,7,6,4,6,6,7,6,5,7,7,6,6,6,7,7,7,5,6,7,4,3,4,4,6,4,6,7,5,6,7,4,6,4.75,4.5,4.75,3.5,4.75,5.5,4.75,5.5,3.75,5.25,3.75,3.75,4.5,3.25,5.75,2.75,4.75,4,2.75,5.25,5,4.75,5.75,4.25,4.5,4.75,5.75,4.5,3.25,4.75,5,4,3.5,4.75,5.75,4.75,4.75,4,4.75,5.25
54,108,0,4,5,5,5,5,4,5,5,5,5,4,4,4,4,5,4,5,4,5,5,5,5,6,6,4,4,5,4,3,4,4,4,4,6,5,5,5,3,5,5,4.75,4.75,5.75,5,5,4,4.5,5.5,3.75,5,4.25,4,5.25,4,5.25,4,4.5,4.75,3.25,5.25,5,4.75,5,4.5,3.75,4,5.25,4.5,3.75,5.25,3.75,4,4.5,5,5,5,4.75,5.25,4.25,5.5
55,110,0,7,7,7,7,7,7,7,7,7,7,4,4,7,7,7,4,7,7,7,7,7,7,7,7,7,1,7,4,1,4,7,7,3,7,7,7,7,7,7,6,4.75,5.75,5.5,4.75,4.25,5,5.25,5.25,5.75,4.5,4,4,4.75,5.25,4.5,4.25,5.25,4.5,5,5.5,4.25,5,4.5,4.5,4.5,3.5,5.75,6,3.25,4,4.25,5,4.75,4.25,5.25,5,5.5,5,4.75,4.25
56,112,0,6,6,6,6,5,6,5,NA,6,5,4,5,6,5,5,4,6,5,5,5,5,6,5,5,5,3,6,5,3,3,4,4,4,3,5,5,5,5,3,4,4.5,4.25,3.5,3.75,3,4.5,5,3.5,4.25,3,4.5,4.5,3,4.75,3.5,4,3.5,2.5,4,3.5,3.5,3.75,3.75,3,2.25,4.25,4.25,5,4.75,3,4.5,4,5.25,4.25,4.5,5,4,4.5,3,3
57,114,0,7,7,7,7,5,6,6,7,7,7,6,4,6,6,7,6,5,6,6,6,7,6,7,7,6,2,7,6,3,2,3,7,6,6,6,6,6,7,6,7,3.75,4.75,6.25,4.25,5,5,4.5,6.25,4,5.75,3.75,3,6,3.5,6.25,3.75,3.5,5,3.75,5,4.25,5.75,6,5,6,3.5,5,5,4.75,4.5,3.25,4.25,5.75,5.75,5.75,2.75,4,6.25,5.75,5.25
58,116,0,6,7,7,6,6,7,6,6,7,7,6,4,5,7,7,7,7,4,7,6,6,6,5,7,7,4,7,3,2,6,6,4,2,7,7,7,7,6,6,6,5.5,5.5,5.75,4.25,5.5,5.75,6,5.75,6,6.25,5,3.5,5.25,5.75,6.25,5.75,4,4.5,4.5,5.75,5.75,6,5.5,5.25,4.75,5.5,6,2.5,3.5,4.25,5.5,4.5,2.25,5,6,6.25,5.75,5.75,5.75,5.75
59,118,0,5,6,6,7,6,6,6,6,6,6,4,5,6,6,6,6,6,6,6,7,6,6,6,6,6,6,7,6,2,5,5,5,4,6,6,6,6,6,6,5,6,5.25,4.25,4,4.25,5.25,5,4,3.75,3.75,4.75,5.25,4.5,4,5.25,5,3.5,3.25,4.75,4.5,4.5,6.5,5.5,3.5,5,5.5,4.25,5,3.5,3.25,5.25,4.25,3.5,4.25,5.25,5.5,5.25,4.5,4.25,4
60,120,0,4,6,6,5,4,4,4,4,6,6,4,4,6,5,5,4,4,4,4,4,5,7,4,4,4,4,4,3,3,4,4,4,4,5,4,4,5,4,4,4,4.75,5.25,6.5,6.75,4.75,5.25,4.75,6,6.5,5,5.5,3.5,5.75,6.5,5,5.5,2.5,4.5,6,5.5,5.25,4.75,6,5.5,4.5,6,5.5,6.25,3.5,4.75,5.75,4,4.5,3.75,5.75,5.5,5,5.25,5.25,4.25
61,122,0,5,7,5,7,4,7,7,5,6,6,4,6,4,7,7,6,4,4,6,7,6,7,6,6,5,6,7,2,2,6,5,3,2,6,7,6,6,4,4,5,4.25,5.5,5.5,5.25,5,5,4.5,5.5,4.75,5.5,4.25,3,5.333333333,5,5.75,3.75,3.5,4.25,5.5,5.5,6.75,3.75,5.5,3.75,4.75,3,5.5,5.5,3.75,4.75,5.75,3,4.75,4.25,5.5,5.75,5,6,5,5.75
62,124,0,6,7,7,7,4,6,7,7,7,7,5,5,7,5,7,5,5,6,7,6,7,7,7,7,7,1,7,7,3,5,5,6,7,7,7,5,7,7,4,7,4.25,4.75,6,6,4.5,3.75,5.5,5.75,6,4.5,4.75,3.5,5.75,5.5,4.75,4,3,4.5,4.75,4.75,3.5,5.75,5.5,4.75,5,3.25,5,6.5,2.5,3.75,4,5,6.25,5.5,4.5,3.5,4,6,3.75,4.25
63,126,0,5,6,6,7,5,6,6,6,6,5,4,6,6,6,5,5,6,6,6,2,6,6,6,6,6,4,6,2,4,6,4,5,2,6,6,5,3,6,4,6,4,3.25,4.5,4.75,4.25,4,4.5,4.5,4.25,4.75,3.5,4.25,4.5,3.25,4.5,3.5,4.25,4,2.75,4,4.25,3.75,4.25,3.5,4.5,3.75,4,4.25,4.25,4.25,3.25,3.75,4.25,4.75,4,3.75,4.5,4.75,4,4
64,128,0,7,7,7,7,7,7,6,5,6,7,4,4,7,7,7,5,7,4,7,7,7,7,7,7,7,3,7,1,2,4,4,5,2,4,7,6,6,4,6,1,4,4,2.75,5,4.75,4.25,4.25,3.75,5.5,5,4.5,3.25,3.75,6.25,5.25,5,2.75,2.75,6,6,6.75,3.25,5.5,4,5.25,5.25,4,3.75,4.25,5,5.75,3.75,1.75,5,6,5.5,4.25,5.75,3.5,6.25
65,130,0,6,6,6,1,7,6,7,7,1,7,4,5,6,6,7,4,6,5,6,7,6,6,6,6,7,4,6,4,2,5,4,6,4,6,6,5,6,6,5,6,3.25,4.75,4.75,5.25,6,4,6,4.5,4.75,5.5,2.75,3.25,4.25,5,5.75,2.75,4,3.25,5,4.75,4.25,5,5.25,5,5.25,4.5,5.25,3.25,4,3.75,2.25,4,2.75,4.75,5.5,4,5,4.75,5,4.75
66,132,0,6,7,6,6,5,6,6,7,6,5,4,4,5,6,7,5,5,5,5,7,5,7,6,6,5,6,6,2,2,6,5,2,2,6,5,6,6,4,2,6,4.5,5.25,5.5,5.25,5,4.5,5.75,5.25,4.75,6,4.25,4,5.25,4.5,6.25,4,5,5.75,3.5,5.5,5.75,4.5,6,5.25,5.25,4.5,5.75,3.25,2.75,5,4.5,4.25,3,4.5,5.5,4.75,3.5,4.75,4.25,4.75
67,134,0,6,7,7,7,4,7,4,7,7,7,4,4,7,7,7,7,4,7,7,7,7,7,7,4,7,4,7,4,1,7,4,7,4,4,7,4,7,7,4,4,4,5.5,6.25,4.5,3.25,4.75,5,6,6.25,4.75,3.75,3.5,6,4,5,4.5,5,5,5,6,5.666666667,3.5,6.25,5.666666667,4.75,4,6.5,6.666666667,2.25,3.25,4.75,5.25,6,4.5,6.5,4,6,5.75,3.5,3.5
68,136,0,6,6,7,6,6,6,6,6,6,7,4,4,6,6,6,4,5,6,5,5,6,7,7,6,6,6,6,6,3,2,5,6,4,4,5,6,6,6,4,4,4,5,6,4.25,4.25,3.5,5.5,5.75,4.25,5.25,3.75,3,5.25,4.75,5.25,5,4.5,5,4,4.75,5.25,4.25,6,5,5.75,4.25,5.5,5.25,2.5,4.75,4.75,4.5,4.5,3.75,4.75,4.75,4.75,5,4.25,5
69,138,0,6,7,7,7,7,7,6,7,7,7,5,6,7,7,7,5,6,7,7,7,1,7,7,7,6,5,7,5,3,6,5,6,2,6,6,6,7,7,6,7,4.5,4.5,6.5,5.5,5,4.75,5,6.5,5.25,6.25,5,3.75,6.25,4.75,6.25,4.5,4.5,6,4.75,5.75,5,4.5,6,5.5,4.5,3.75,5.25,4.75,4,5,4.25,4.5,4,4.75,5,4.5,4.5,6,5.5,5.5
70,140,0,6,7,7,7,7,7,4,6,7,7,4,4,4,6,7,4,4,5,6,7,6,4,7,4,4,4,7,4,3,4,4,7,6,6,6,6,7,4,7,6,5.5,6,7,4.5,5.25,5.75,5.25,6.75,6.5,6.75,4.5,2.75,6.5,5,5,5,3.75,6.25,4.75,6.75,5.25,5.75,6.5,4,4.5,5,5,4.25,3.25,5.25,5.5,5,5.25,5.25,6.25,6,5.25,5.75,6,5.75
71,142,0,6,7,6,7,5,6,5,6,7,6,4,4,4,5,5,4,7,5,6,6,7,7,5,5,6,4,4,3,2,4,5,4,2,7,7,7,5,6,4,4,5.5,5,5.75,5.25,5.25,4.5,4.75,5.25,4.75,5.25,5,3.75,5.5,5,5.5,5.5,5.5,5.25,5.25,6.25,7,5.25,5.5,5,5.5,4.5,5,1.75,3.25,6.25,5.25,3,3.75,6.5,6.25,5.25,4,4.75,4.5,5.25
72,144,0,5,5,7,6,6,6,7,7,3,6,4,6,5,6,7,6,7,6,6,6,2,7,5,6,6,3,6,5,3,4,5,4,4,2,6,6,5,6,4,6,6,6.25,5.75,5.25,5.25,6,5.75,6.25,4.75,6.25,4.5,4.25,6,4.75,6.25,4.75,4.75,5.75,5,5.75,4,6.25,5.75,5.25,5,4.75,5.75,4.75,3,4.5,6,4.25,4.25,5,6,5.75,5.25,6,5,6
73,146,0,5,6,5,5,4,5,5,4,5,5,4,4,5,5,5,4,5,4,5,4,5,5,6,4,5,5,4,5,3,4,4,4,4,4,5,5,6,4,4,4,4.25,4.25,4.75,5.5,2.75,5.25,4.25,4.5,5.75,3.75,4.75,3.75,4.5,4.75,3.75,4.25,3.75,3.5,3.5,3.75,5.75,4.75,4.75,4.25,3,5,3.75,4.75,5.25,3,3,2.75,3.5,4,4,4,5.25,4.75,3.75,3
74,148,0,5,7,7,7,5,6,6,7,6,4,4,4,5,6,5,5,7,7,7,6,4,4,6,6,4,5,7,2,3,4,4,5,2,4,4,4,6,4,5,4,5,5.75,6.25,5.75,5,5.75,5,6.5,6,5.75,5.5,4,6,4.75,5.5,5.75,2.25,6.25,5.5,5.25,6,4.5,6.25,4.5,5,5,5.333333333,5.5,4.5,5.25,6,3.75,5.5,3.75,5.75,4.75,5.5,6,6.25,5.25
75,150,0,7,7,7,7,6,7,7,7,7,7,4,7,6,7,6,4,7,6,6,7,6,7,6,7,6,5,7,6,2,5,4,4,4,4,5,5,4,7,6,7,4.75,5,5.5,5,5.5,4.333333333,5.25,4.333333333,4.5,5.25,4.25,4.75,5,4.75,5.5,4,4,4.5,4.5,4.75,5,5.75,5.5,5.25,4,5.75,5,5.75,3.75,3.25,3.25,4.75,5.25,4,3.5,6,6,5.5,4,3.75
76,152,0,7,7,5,6,6,6,5,6,6,6,4,3,6,6,6,6,6,6,6,7,7,6,7,5,7,3,6,1,2,6,4,4,2,7,7,7,6,5,6,5,4.75,5.25,5,5.5,5,5,5,4.5,4.75,5,3.75,4,4.25,5.25,5.75,3.75,3.75,4,4.5,4.25,4,4.5,5.25,4.5,4.25,3.25,5,4,4.25,3.75,3.75,4,3.5,4.25,5,4.75,3.25,4.75,4,3
77,154,0,5,6,6,6,5,6,6,6,6,6,5,4,5,6,6,4,6,6,6,5,5,6,6,6,5,3,6,5,3,6,5,4,3,5,6,6,6,6,4,4,3.25,4.75,5.25,4.25,4.5,3.75,5,6,5.5,4.5,4.25,4.25,5.75,5,5.25,4.5,5,5,5.25,5.5,5.25,4,4.25,5.25,3.25,3.5,5.5,3.5,4.75,4.75,5.5,4.25,3,4.25,4,4.75,5.25,5.25,4,4.75
78,156,0,6,6,7,6,7,6,6,7,6,7,4,4,6,6,7,5,5,7,5,6,5,7,6,6,6,6,7,5,3,6,5,6,4,4,6,6,7,7,4,6,4.5,4.25,5.25,2.75,5,5.5,4.5,4.75,4.25,5,4.5,2.75,5.25,3.75,5,4.75,3.25,3.75,3.75,4.25,5.25,4.5,5,4.5,4.5,5.75,5.25,5.5,4,4.25,5,3.25,5.5,5,5.75,4.75,4.5,5.5,4.25,4.25
79,158,0,5,5,7,7,4,5,6,7,7,7,4,3,6,7,7,6,7,6,4,7,7,7,7,4,4,2,7,4,2,4,2,6,2,6,7,6,7,4,4,5,4.25,4.25,6.5,5.75,6,5.25,6,6.5,6,6.25,4.5,3.25,5.75,5,6.75,4.75,4,5.5,5.5,6.25,6,6.25,6.25,5,4.75,4.25,5.25,4.5,4.25,5.25,4.25,3.75,3.25,5.25,6.75,3.75,4.5,6,4.75,6
80,160,0,6,7,7,6,6,6,5,6,6,6,4,4,5,6,7,5,6,6,6,6,6,7,6,6,5,6,6,6,2,6,6,4,3,6,6,6,6,6,5,5,5,4.25,5.75,5.5,5,5,4.25,5.5,5.25,5.25,5.5,3.25,5.25,4,5.75,5.25,2.75,5.25,3.75,5,4.75,4.5,6,3.75,4.5,4.25,4.5,4.25,4.25,4.5,4.5,4.25,3.75,4.25,5.25,4.5,4.5,6,4.75,4.75
81,162,0,5,7,7,7,7,5,5,5,5,6,4,4,6,6,6,4,5,6,5,4,5,6,6,6,5,3,6,5,3,4,6,5,4,6,3,5,6,6,4,4,5.75,6,4.75,4.75,3.75,4.25,4.5,4.75,5,4.75,5.25,3.75,4.75,5.25,5,5,4.5,4.75,4.75,4.25,4.25,6,4.5,4.5,4.75,5.25,5,5.5,3.5,4.25,5.5,4.25,5,4.25,5.25,5.75,5,4.5,4.25,4.5
82,164,0,6,7,7,7,6,6,6,7,6,7,3,6,7,6,7,4,6,6,7,6,7,7,7,7,5,3,7,3,4,4,6,6,6,6,6,6,7,6,6,4,2.75,4.75,5.5,4.75,4.75,3.5,4.75,5.5,4.5,5.5,4,4.75,5,4.5,5.5,3.75,4.75,4.75,4.5,6,4.25,4.5,4.5,5,4,4,5.5,5.25,4.25,3.5,3.25,4.25,5.25,4.25,5.25,3.5,4,5.25,5,5
83,166,0,5,7,7,7,6,7,7,7,7,7,4,6,6,7,7,5,6,6,6,7,6,6,7,7,6,2,7,3,2,5,6,5,2,6,6,6,6,6,5,6,4.5,6.25,5.75,5.5,5,4.5,6,5.75,4.5,5.5,3.25,5,5.25,5,5.5,3,5.5,3.75,5.25,5.5,5,5.75,5.5,6,6,5,5.5,2.5,2.5,4,3.25,6,2,5,5.25,4.75,5.5,6.25,4,3.25
84,168,0,5,5,6,6,6,5,5,6,6,6,4,5,4,6,5,5,6,5,6,6,6,6,6,6,6,3,6,3,3,5,5,5,2,6,6,6,6,6,6,3,5,3.5,4.5,3.75,4.25,5.5,4.25,4.25,4.75,4.75,4.25,3.75,4.75,4.25,5,5,4.25,4,3.5,4.25,3.75,4.5,4.5,4.25,5.25,5,4.75,4.75,3.5,3.75,3.75,4,3.75,3.25,4,4.5,4.75,5,4,4
85,170,0,5,6,6,6,5,6,4,6,4,5,5,4,4,4,4,4,6,6,6,6,4,4,6,6,4,4,6,4,3,4,4,4,4,3,5,6,5,6,6,5,5.25,6.25,5.75,4.5,5,5.25,5,5.75,5.75,5.25,4.25,3.75,5.25,6,5.25,5,5,5,5.5,5,5.25,5.25,6.5,4.25,4.75,6,5.75,5.5,2.5,3.25,6,4.75,4.5,3.75,4.75,4.75,5.25,5,4.5,4.75
86,172,0,5,7,6,6,6,6,5,6,6,5,4,5,6,4,4,4,5,6,6,6,5,6,6,6,6,6,6,6,2,4,6,6,6,4,5,4,5,6,4,4,3.5,4.25,4.75,4.5,4.25,2.75,3.75,4,3.5,4.75,4,3.5,3.75,4,4.25,4,3,5,4.75,3.75,4.5,4.25,3.75,4,4.75,4.5,5,6,3.5,3,4.25,3.75,5.5,3.75,4.75,4.25,4.5,5,4.75,3.75
87,174,0,6,6,6,6,6,6,7,6,5,7,4,5,6,6,6,5,7,7,6,6,5,5,6,6,6,4,7,3,3,6,4,4,2,4,6,6,5,6,3,6,5.25,5.25,6,6,6,5.5,5.5,5.5,6,6.5,4.75,4,5.25,5.25,6.25,5.25,4.25,4.5,4.75,5.5,5.75,5.5,6.25,5.25,5.75,4,5,2.75,3,6.25,6,4.25,2.25,4.25,5.5,5.75,5.75,4.75,4.75,6
88,176,0,6,7,7,7,6,6,7,6,6,7,4,5,5,6,6,5,5,5,6,6,5,6,6,7,5,4,6,6,2,4,5,6,4,7,6,6,6,6,4,4,5.25,6.5,6.5,6.25,5.75,6,6.75,6.25,5.75,6.25,4.25,4.5,5.5,5.5,6.5,4.5,5,5.25,5.25,5.75,4.25,6.25,6,6.75,6.25,4.75,5.5,6,3.5,5.25,6,5.75,5.25,5,6.25,5.5,5.5,5.75,5,5.75
89,178,0,6,7,7,7,5,6,7,7,7,6,4,4,5,7,6,5,6,5,5,7,6,7,6,7,6,5,6,4,3,6,5,5,2,6,6,6,6,7,4,6,3.75,5,5,5.25,4.25,3.75,6,5,4,5.5,3.75,5.25,5,5.5,5.25,4,5.25,5,5.75,4.25,4.75,5.25,4.25,5.25,3.25,4.25,5.25,3.5,3.5,4,3.75,4.5,4.25,5.75,4.5,4.5,4.5,4,4.25,3.75
90,180,0,NA,NA,NA,NA,NA,NA,NA,NA,NA,NA,NA,NA,NA,NA,NA,NA,NA,NA,NA,NA,NA,NA,NA,NA,NA,NA,NA,NA,NA,NA,NA,NA,NA,NA,NA,NA,NA,NA,NA,NA,NA,NA,NA,NA,NA,NA,NA,NA,NA,NA,NA,NA,NA,NA,NA,NA,NA,NA,NA,NA,NA,NA,NA,NA,NA,NA,NA,NA,NA,NA,NA,NA,NA,NA,NA,NA,NA,NA,NA,NA
91,182,0,6,6,6,7,5,6,6,7,7,5,3,5,6,6,6,5,6,6,6,7,7,7,6,6,5,6,6,6,3,3,5,6,6,3,7,6,6,6,6,6,4.25,6,6.5,6.5,3.75,4.25,6,6.25,6.25,4.5,3.75,5,5.75,5.75,5,4.75,4.75,5,6.25,4.75,4.75,6,6.25,5.5,4,3,6,6,3.25,3.25,4.25,4.75,5.5,5.25,4,5,5.5,5.25,4.25,3.75
92,184,0,6,5,6,6,4,6,6,5,7,6,5,4,4,7,7,6,4,4,5,6,6,5,6,4,4,5,5,4,4,5,4,4,3,6,5,6,4,4,5,4,4.5,5,5.75,6,5.5,4.75,5,5.75,5.25,5.5,5,4.25,5.25,4.75,5.5,5,4,4.75,4.75,5.25,5,5.75,5.5,4.5,4.25,4.25,5.75,5.75,4.25,4.75,4.25,4.25,4,5.75,4.5,4.5,5.25,5.5,4.5,5
93,186,0,6,6,5,7,6,6,6,6,6,6,6,6,4,6,6,5,2,6,3,4,6,7,7,6,7,6,7,7,2,4,6,5,4,4,6,6,6,7,4,4,4.25,3.5,4,4,4.25,4.25,3.5,3.25,4.25,3.75,4.75,5.5,3.25,5,4.75,4.75,4.25,3,3.25,3.5,5.25,4.75,4,3.75,3.75,4.5,4.5,4.25,4.75,3.25,4.5,3.75,4,3.5,3.75,4.5,4.25,3.75,4,3
94,188,0,5,7,7,7,5,6,6,6,7,6,5,5,5,6,7,5,6,7,6,6,6,7,6,6,6,4,6,3,3,3,4,6,3,5,5,5,6,6,6,5,5.25,6.5,6.75,6,4.75,5.5,6.25,6.5,5.75,5.75,4.75,3.75,5.75,6.25,5,5.25,6.5,5.5,6.25,5,4.25,6.75,5.75,6.25,5,5.25,6.25,5,3,4,5,5,4.5,4.75,5.25,5.75,4.75,5.5,5,3.75
95,190,0,6,6,6,7,7,7,4,6,6,6,5,4,7,7,7,5,7,7,7,7,5,6,7,7,7,7,7,7,3,5,5,6,2,5,6,6,6,6,6,7,3.75,5.5,5.25,4.25,5.5,4.5,4.5,5.25,4.25,6,3.5,3.5,5,3.25,5.75,3.25,4.5,4.75,3.5,4.75,4.25,3.75,4.75,4.5,5,4.25,4.75,4,3.25,5,3.5,4,4,3.5,5.5,5,4.25,4.75,4.25,5
96,192,0,5,7,6,5,5,2,6,6,6,7,4,6,6,6,7,4,7,5,6,7,7,6,7,7,7,4,7,2,3,5,5,6,3,7,6,6,6,6,3,6,5,5.5,5.75,5.25,5,5,5.75,5.5,5.25,6,4.25,3.5,5.75,5,6.25,4.5,5,5.5,4.5,5.666666667,5,6,5.75,4.75,4.25,4.5,5.25,4.25,4.25,4.75,5.5,4.25,4.25,4.75,6,5.75,5.25,5.5,5.5,6.25
97,194,0,6,7,7,7,6,7,7,6,7,7,6,5,6,7,7,6,7,7,5,7,4,6,7,7,5,6,7,7,2,3,4,6,6,4,6,6,6,6,4,5,4.25,6.5,6.5,6,5.5,4.25,5.75,6.25,6,6.25,4.25,4.75,6.25,6.25,6.75,5.25,5.5,4.5,5.5,6.5,4.5,6.25,6.75,5.5,4.75,4.25,6.5,5.75,4,6,5,5,5.25,4,5.5,6.25,6,6.25,4.25,5.5
98,196,0,5,6,6,7,6,6,6,6,7,7,4,4,6,6,6,5,6,5,6,6,6,7,6,6,5,5,6,5,3,3,4,6,4,6,6,6,6,6,6,5,4,5.25,5.5,5.5,4.75,5.25,5.25,6,5.75,5.5,4.75,3.5,5.5,5.25,5.75,4,5,6,5.5,5,5.5,3.75,5.5,4.25,4.5,4,5.75,4.75,3.75,4.5,4.75,3.75,4.75,4,5,4.5,3,5,5,5
99,198,0,6,7,6,7,6,7,6,7,7,7,4,4,6,7,6,4,7,6,5,6,4,7,7,6,5,4,6,6,2,4,6,6,4,5,5,6,6,5,5,4,3.5,4.5,4,4,3,3.5,4,3.5,5,3,5.5,3.5,3.5,4,3,4,3,3,4.5,3,3.5,4.5,3,4,2,4,4,5.5,4.5,2.5,3,3,6,4,3,4,3.5,6,4.5,3.5
100,200,0,6,6,7,6,6,6,4,6,6,6,7,4,6,7,7,6,5,5,6,7,6,7,6,6,7,2,6,4,2,4,5,4,3,7,6,6,6,4,4,4,6,3.5,5.75,4.5,6.25,6,3,5.75,4.75,6.25,6.5,2,5,4.5,6.25,5.5,1.75,5.5,2.5,5.75,5.75,3.75,5.75,2.75,5.75,6,4.25,5,3.5,5.75,6,2.25,4.25,4.75,5.5,5.5,3.75,5,5,6.25
101,202,0,5,7,7,7,5,6,6,7,7,7,4,3,7,5,7,5,5,7,5,7,5,7,7,6,6,4,7,7,2,3,5,4,4,6,6,6,5,6,4,6,5.5,5.75,5.5,5.5,5,6,6,5.5,5.25,6,4.5,3.75,5.5,3.75,6.25,5,5.75,6.25,4.5,5,5,5.5,5.75,4.5,4.5,4.5,5.5,4.75,3.25,5,4.75,4.25,4.75,4.25,4.5,4.75,4.5,5.5,4.75,4.75
102,204,0,5,6,6,2,5,5,5,5,6,6,4,4,5,6,7,5,4,5,5,6,6,6,6,6,5,4,5,2,3,5,5,4,2,5,5,5,5,5,4,5,5.5,5.5,5.5,4.75,4.25,5,4.5,5,4,4.75,5,3.75,4.5,4.25,5,4.75,5,4.25,5,5,5.5,4,4.25,4.5,5.25,3.75,5.5,4.75,2.75,4.75,5.5,3.75,2.75,4.5,5.75,5.5,5.25,4.75,3.75,4.5
103,206,0,6,7,7,7,5,6,6,7,7,7,4,4,6,5,6,5,6,6,5,7,6,6,6,7,5,4,6,3,4,6,5,4,3,4,6,6,6,6,4,6,6,6.25,6,5.75,5.75,6,5.75,6.5,4.75,5.75,4.5,4,5.5,5.5,5.75,4.5,5.25,4.5,5.5,5.75,5,5,5.25,5,4.5,4.25,5.5,5,2.75,5.5,5.5,4.5,3.25,4.75,5.75,6,5.25,5.5,4.25,4.75
104,208,0,7,7,6,6,5,7,6,6,6,7,4,4,6,6,7,6,6,7,6,6,7,7,7,7,4,3,6,4,2,7,6,6,4,6,6,6,5,6,6,6,5,5.25,6.25,4.666666667,5.25,4,5,6.25,5,6.25,3.75,4,5.5,4.25,6.25,4.5,5,5.5,5,5.5,5.5,4.25,6.5,6,5,4.75,5.75,5.75,4.75,3.75,3.5,3.5,4.75,4.75,4.75,4.75,4.5,5.75,5.5,5.25
105,210,0,7,7,7,1,4,7,6,4,7,7,7,4,6,6,7,4,6,6,7,7,7,7,7,6,7,7,7,7,1,2,4,7,4,7,7,6,7,7,4,5,4.75,5.5,4.75,5,4.5,5,5.5,5,4.5,5.25,4,4,4.75,4.75,5.75,3.75,3.5,4.25,4.5,5.25,5.5,5,5.75,4.75,5,5.25,5,4,4,4.75,5,4.5,4,4.25,5.5,5.25,4.5,4.75,4.5,5
106,212,0,7,7,7,7,7,7,6,7,7,7,6,5,7,7,7,5,7,7,7,7,4,7,7,7,7,7,7,4,3,6,7,7,4,7,7,7,6,7,6,7,6,6.25,6.75,5.25,5.75,6,5.75,5.5,5.5,6.25,5.25,3.75,4.75,4.75,6.75,5.5,3.5,5.5,4.5,5.5,5.75,4.25,6.75,4,5.5,6.25,6,5.75,3.25,5.25,6.75,4.5,3.75,5.25,6.5,6.75,6.25,6,5.25,5.5
107,214,0,6,7,7,7,7,5,6,7,7,6,4,4,7,6,7,5,7,7,6,7,7,7,7,7,6,2,7,5,4,3,5,5,5,6,7,7,4,6,5,6,4.25,5.75,6.25,5,5.25,5.25,5.75,6.5,5.25,5.5,4.75,4.25,6.25,5.25,5.25,5,4.75,4.75,4.75,5.75,4.75,5.25,6,5,4.25,4.75,6.25,6.5,3.75,4.75,4.5,5.5,5.75,4,6,5.5,5.25,6,4.75,5.5
1,1,1,5,7,7,4,4,3,3,2,2,2,6,2,2,4,2,2,5,2,2,5,2,3,2,2,4,5,2,4,3,3,3,5,3,5,5,3,2,3,3,5,5.75,6.25,6.5,6.25,5.25,5.5,6,6,5.5,5.5,5.5,4,5.75,4.75,5.5,5,6,6,5.25,5.75,5.5,6,6.25,5.5,4.75,4,6.25,5.5,2.75,4,4.5,5.5,5.5,4.25,5.75,6,5.5,6.75,4.75,4.5
2,3,1,6,7,7,7,5,7,6,6,6,6,4,4,4,7,6,4,4,5,7,6,7,7,6,6,6,7,7,4,2,7,6,7,4,4,6,7,5,6,5,6,4,5.25,5.25,5,4.5,5,5,5,5.75,4.25,3.5,4.5,5.5,4.5,5.25,4,2.25,4.75,5,4.75,5.75,4.5,5.25,5.25,5.25,4.5,5,4,2.75,3.5,3.5,5,2,5,5.25,5,4.25,6.5,3,4.5
3,5,1,5,6,6,6,5,6,7,6,7,5,6,4,5,7,6,6,7,5,6,7,6,7,5,5,6,4,6,3,3,4,6,5,3,7,6,4,6,5,4,6,5.25,5.25,4.5,5.5,6,4.25,4.75,4,5.5,6.25,5,3.5,3.75,5.75,6.25,4.25,4.25,1.75,4.5,5.25,6,4.25,4.75,4.5,5.75,5.75,5,2,2.75,4.5,5,3.75,1.75,6.75,5.5,5,4.75,4.75,3.5,5.25
4,7,1,6,6,7,7,6,7,5,7,7,7,6,6,7,7,6,6,6,7,7,6,5,7,7,6,5,7,7,6,3,3,4,6,6,7,6,7,5,7,6,7,4.75,6,6.5,6,5,5.5,5.75,6.25,5.5,5.5,4.75,4,5.75,4.25,5.75,5,4.25,5.5,3.75,4.75,4.5,5.5,5.75,4.25,4.5,4.75,5.5,5.5,2.75,4.5,5,4.75,4.75,5.25,4.25,4.75,4.5,6,4.25,4.5
5,9,1,5,7,7,1,5,6,6,6,7,7,4,4,6,7,6,4,5,6,7,6,6,7,7,7,4,5,7,4,2,5,7,6,4,7,6,7,4,6,4,5,6.25,6.25,6.5,6,5.25,5.5,5.75,6,6,5.5,5.5,3.75,5.75,5.75,6,5.75,3.75,6,5.75,5.75,5.25,5,5.5,5.25,4.75,5.25,5.5,5.25,4.25,4.5,4.75,4.5,4.75,4,5.25,6,4.75,5.25,3.75,4
6,11,1,6,6,7,6,6,6,6,7,6,7,3,5,6,6,6,5,6,6,6,6,6,7,6,6,6,6,7,6,3,4,4,5,5,4,5,5,5,5,5,6,5.25,5.5,6.25,3.25,5,4.25,5.75,7,4.75,6,4.25,3.5,6.25,5.5,6.25,4.5,4.5,5,4.75,6,4.5,5,6.25,4.5,5.25,5,6,6.75,2.25,4.75,3.75,4.5,5.5,5,5.75,5.25,4.75,6.25,5,4.5
7,13,1,5,6,6,6,6,6,6,6,6,7,5,3,6,6,7,6,6,4,5,7,6,6,6,6,7,6,7,2,3,5,5,5,1,7,7,6,6,4,4,6,5,5.25,5.75,5.75,6,5.25,5.5,6,5.75,6,4,3.5,5.5,5.75,5.75,4.25,4,4.5,4.75,6.25,5.5,4.25,5.75,4.75,5.75,4.5,5.5,3.75,3.5,4.75,4.75,3.75,2.75,5.25,6.25,4.25,5.25,5.25,4.25,5.75
8,15,1,6,6,6,7,6,6,4,6,7,6,4,4,4,6,6,6,4,4,6,6,4,3,6,4,6,6,6,2,2,4,6,4,2,5,6,6,4,4,4,4,6.25,5.5,6.5,6.25,4.25,6,5.75,6.25,5.75,5.5,5.75,3.5,5.75,5.5,5.75,5.5,4.5,5,4.5,5.25,5.25,4.5,6.5,5.5,5,5.25,5.5,3.5,2.75,4.25,5.25,4,2.5,5.5,5.5,5.5,5,4.5,5,3.25
9,17,1,5,6,5,5,4,5,6,6,5,6,4,4,4,4,5,4,4,6,5,4,4,6,6,5,5,4,5,4,4,4,4,4,4,4,5,5,4,5,4,4,5.5,6.25,5.5,5.25,5,6.25,6.5,5.75,5.75,5.5,4.75,4,5.25,5.5,5,5.25,5,5,5,5,3.75,6.5,5.25,4.5,6.25,5.25,5.75,3.75,3,3.75,5.25,5.25,4.5,5.25,5.25,5.75,5.75,5,4.75,4
10,19,1,6,7,7,4,5,5,6,7,6,7,4,4,6,6,7,5,4,4,5,5,4,7,6,4,6,6,6,4,2,4,NA,4,4,4,6,5,6,6,6,4,3.75,5.75,6.5,6.25,5.75,5.25,6.25,6.5,5.25,5.75,3,3.75,6,4.75,6,3.5,5,4.25,5.25,5.25,4.25,5.25,5.75,5.75,5.75,3.75,6,5.75,3.75,5.25,3.5,4.75,4,5.5,5.75,4.5,4,5.75,4.75,4.75
11,21,1,5,6,6,6,4,5,4,5,7,6,4,4,4,6,6,4,5,4,5,4,6,6,4,4,4,3,6,4,4,4,4,5,4,6,6,5,5,4,4,4,5.25,5.5,5.5,4.5,4.25,5.75,5.25,5.75,5.75,5.25,4.5,3.75,5.5,4,5.25,4,3.5,5,4.75,4.5,4.25,5.25,5.75,3,5,4.5,5.5,5.5,2.5,4.75,5.5,3.5,5.25,4,5.75,5.5,4.75,5,4.75,4.75
12,23,1,4,7,7,2,5,4,6,6,7,7,2,6,5,5,6,3,5,4,6,5,3,7,6,6,4,5,6,4,3,3,3,4,3,6,6,4,5,6,6,4,3.5,6,6,5.25,4.25,5.25,5.75,5.75,5,5.5,4,5,4.5,4,5.5,4,3.5,4.25,4.25,4.5,4.5,5.25,5.75,4,4.75,4.25,5.75,5.25,3,3.25,4.75,4.25,4.75,3,5,4.5,5.75,4.5,4,4
13,25,1,3,7,7,2,6,2,3,7,5,6,4,3,6,3,6,4,5,6,3,3,3,5,6,4,7,5,5,6,3,4,5,6,5,3,4,5,4,5,3,3,5,6.25,6.5,6.5,5.75,6,5.5,5.75,5,5,4,4,5.5,4.25,5.25,4,5,5.5,4.25,5.25,5,5.75,6,5.75,5.25,4.25,5.75,6,3.25,3.75,4.25,5.5,4,4.75,4.75,4.75,6,5.25,4,4.25
14,27,1,7,7,6,6,6,7,4,6,6,7,4,4,4,7,7,7,7,6,6,6,6,6,7,6,6,6,7,4,3,4,6,6,1,7,7,7,5,5,5,4,5.25,5.75,5.5,4.5,5.5,5.75,5.25,5.25,5,5.5,5.25,3.5,5,4.5,6,4.75,4.5,4.5,4.25,5.25,4.5,3.75,5.5,5,3.75,4.75,5.5,4.25,3,5.75,5.5,4.25,4,4.25,5.75,5.25,5.25,5,3,4.5
15,29,1,5,6,6,6,4,5,5,6,4,5,3,4,6,5,6,4,5,7,5,6,4,5,6,6,6,6,7,4,3,5,3,5,3,4,5,5,3,5,5,5,3.25,4.5,5.25,5.5,3.5,3.75,3.75,5,4.25,4.5,3.25,4.25,4.25,2.75,4.75,3,4,3.75,3.25,4.5,3.25,4,4.25,4.25,4.75,3.75,5,5.25,4.5,3.5,1.75,3.75,3.75,4.25,4.5,2.5,4.75,5,4,3.5
16,31,1,6,6,6,6,6,6,4,6,6,6,4,6,6,6,6,4,6,6,6,6,5,2,6,6,6,4,6,2,2,5,5,6,2,4,6,6,6,6,4,6,6.5,6.5,5.75,5,3.25,6,5.5,5.75,6,5.25,5.5,3.5,5,6.5,5.75,6,4.75,5.5,5.25,4.75,5.25,5.666666667,6.25,4,4,4.25,5.5,4.75,2.25,3.75,6.25,4.25,1.75,4.75,5.75,6.75,5.25,4.75,3,4.5
17,33,1,6,7,6,2,6,5,6,7,7,7,4,5,6,7,7,6,7,7,7,6,6,7,7,6,7,1,7,2,4,7,4,7,4,6,6,7,7,4,5,4,5.75,6,5.75,6,5,5.5,6,5.75,5.5,5.25,4.75,5.5,5.25,5.75,5.25,4.25,5,4.75,6.75,5.5,4,5.25,4.5,4.75,5.25,4.75,5.5,3,3.5,4,4.75,4.75,2.5,5.5,5.5,5.25,5.75,4.25,5.25,5.25
18,35,1,5,6,6,6,4,6,4,6,5,6,4,3,5,5,6,5,5,5,5,5,6,4,6,6,5,5,6,3,4,5,4,3,2,6,6,3,5,6,4,5,2.75,3.5,5.75,4.75,3.75,4.25,4.5,5.25,4,5.5,4.25,2.5,5.25,2.75,5.5,2.75,3.25,4,3.75,4.5,5.5,4.25,5.75,5,4,4,5,4,4.5,5.25,3,3.25,3.5,4.5,4,3,3.5,5.75,5,5.5
19,37,1,6,7,6,6,6,6,7,7,6,6,1,4,6,6,7,4,6,6,7,7,4,4,7,6,7,4,7,2,1,5,6,7,7,7,5,5,7,6,2,2,5,5.5,6,6,5,5.5,5.5,6.25,6,5.5,3.5,3,4.5,5,5.25,5.25,4.75,5,4.75,6,3.75,5.75,5,4,5.5,3.25,6,6.75,3.25,3.5,5,5.5,7,6.25,4.666666667,5,5.75,6.25,3.75,4.5
20,39,1,4,6,6,6,5,4,4,6,4,5,4,3,5,5,6,4,5,5,6,6,4,5,6,6,6,5,6,4,3,6,3,6,3,4,4,4,5,5,3,5,6.25,5.75,4,3.25,3.75,5.75,5,4,3,4.75,4.5,4.25,3.75,4.75,4.5,5.25,4,2.75,3.5,4,4.25,6,3.5,2.75,3.5,3.25,4.5,4.75,2.5,3.25,6.75,3,3.25,4.25,5,6.5,6,2.25,3.25,2.5
21,41,1,7,7,7,5,4,6,6,6,4,6,1,6,6,7,7,4,7,4,6,6,1,7,6,7,4,4,7,5,3,1,2,7,4,7,7,5,6,6,6,6,5,5,5,4.75,3.75,4.75,4.5,4.5,5,4.5,5,3.5,4,5.25,4.75,4.75,3.75,3.75,5.5,4.75,5,5.5,5,3.75,4,4.75,5,4.75,3.25,4.25,5,4.75,5.25,4,2.75,5,5.75,4.5,4,4.5
22,43,1,6,6,6,6,5,6,5,5,6,7,5,4,5,5,7,5,7,5,5,6,6,6,6,5,6,5,6,4,3,4,5,4,1,7,6,6,5,5,4,3,6,5.75,5.25,4.75,5.75,6,5.25,5.25,4.75,5.75,5,4.25,5,4.75,6.25,5,5.25,4.25,4,6,6.25,4.75,5.5,3.5,6,4,5.5,2.75,2.25,5.75,5.5,4.75,1.75,4.5,5.5,5.75,5,4.75,3.75,5.25
23,45,1,7,7,7,5,5,6,4,7,5,6,4,2,2,6,7,6,4,6,7,6,7,7,7,3,7,2,7,3,1,2,5,7,1,7,7,6,6,4,7,4,6,5.75,6.25,4.5,5,5.75,4.25,5.75,3.75,5.5,5,3,6,4.75,5.75,5.25,4.75,4.5,3.75,5.25,5.75,5.75,6,4.75,5.75,5,6.25,4,2.75,4.25,5.5,3.5,3,5.5,5.25,5.5,4.5,5.75,4.75,4
24,47,1,5,6,6,6,5,6,6,6,5,5,4,4,5,4,6,5,5,6,5,6,6,4,6,6,6,4,5,3,3,5,4,4,3,4,6,6,5,5,4,5,5,5.75,5.75,5,5.75,5.5,5.5,6,4.75,5.5,4.75,4.5,5,5.5,6,4.5,4.75,4.5,5.25,5.25,5,5.5,5.25,5.75,5.5,3.75,5,5.5,3.5,4.25,4.75,5.5,4,5.25,4.75,5.5,6,5.5,5.25,3.75
25,49,1,4,4,6,6,5,6,5,5,5,5,4,3,5,5,6,5,4,6,5,6,3,6,5,6,5,4,6,5,3,5,4,4,5,5,5,5,5,6,3,4,5,5.5,5.5,4.5,4.75,5.5,5.5,5.5,4.75,4.5,4.25,4.25,5.5,4.25,4.5,4.5,4.25,4.5,3.75,4,3.5,5.75,5.75,4.75,4.5,4.75,6,6.25,2.25,3.25,5,4.25,4.25,4,4.5,4,5.5,4.75,3.75,3.5
26,51,1,7,7,7,7,5,7,5,7,6,7,4,5,6,7,7,5,7,7,7,7,7,7,5,7,7,5,7,4,4,5,5,5,1,7,5,7,7,7,1,4,5,4.5,4.5,5.75,5.5,5,5,5,6,6.25,5.25,4.75,4.5,6.5,6.5,5.25,5,4.25,5.25,5.5,6.5,4,5,5.25,5.5,5.25,5.5,3,3.25,4.75,4,4,1.5,5.25,6.75,5.5,4.75,4.5,3.5,5
27,53,1,6,6,6,6,5,6,4,6,6,5,4,4,5,6,5,4,4,5,5,7,5,6,6,6,6,5,5,5,3,5,5,6,4,6,6,6,3,5,4,5,4.75,6,6.25,6.5,5.5,6.5,6.25,6.25,6.5,6,5.25,3.25,5.5,6,5,4.75,5,5.25,4.75,6.25,5.25,4.75,6.25,4.25,4.5,3.5,5.75,5.5,2,4,5,4,4,3.25,5,6.25,4.25,5.75,5.5,5.25
28,55,1,6,6,7,7,6,6,6,6,7,7,4,3,6,6,6,5,6,6,6,6,5,7,6,6,5,5,6,5,3,4,5,6,4,7,6,6,6,6,6,6,5,5.75,5,6.25,5.25,4.25,5.75,6,5.75,6,5.25,4,5.25,5.75,5.75,4.75,5,5.25,5,5.75,5.5,5.75,5.75,5.75,5.25,5.25,6.5,5.25,2.5,4.75,5.75,3.75,4.25,5,5.25,5.75,5.75,5,4.75,5.5
29,57,1,7,7,7,7,6,7,7,7,7,7,4,7,7,7,7,4,4,7,7,NA,7,NA,7,7,7,7,7,4,4,4,3,4,4,4,7,7,7,7,4,4,5.25,6,5.75,5.5,5.25,5.75,6.5,6.25,5.75,6,4.5,4.25,5.25,4.5,6.5,5.25,4,4,4.75,5.25,6.5,4.75,5.75,5.75,5.75,4.5,5.75,3.25,2,5.25,5,4.75,3,3.75,6.25,4.75,5.75,5.25,3.75,6.25
30,59,1,4,5,6,6,6,5,5,6,5,6,4,5,6,4,6,3,4,6,5,5,5,5,4,5,5,4,5,4,4,5,5,3,4,4,5,5,5,6,4,6,4.25,5,4.5,3.5,4.5,2.5,4.25,4.5,2.75,5.25,4.25,3,4.5,3.75,6.25,4,3.75,3.25,4,4.25,4.25,3,4,3.75,4.75,3.75,4.75,3.5,3.75,4.5,4,3,2.5,4.25,3.75,3.25,4.5,3.75,4.5,5
31,61,1,7,7,7,5,5,7,5,6,5,6,4,3,5,4,5,6,4,5,5,5,5,6,6,5,4,5,6,5,3,5,6,5,3,4,5,6,5,5,5,5,6,4.25,4.5,3.5,5.25,5.75,3.5,6,4.5,5.25,5.75,2,5.25,4,5.25,5.5,1.5,4.75,3.5,5.75,5,4,4.5,2.5,5,5.5,5.25,6.5,2.75,3.75,5.5,3,5.5,2.25,5,4.75,5.25,5.25,4,5
32,63,1,5,6,7,7,5,6,6,7,7,7,4,3,6,6,6,5,6,6,6,6,5,4,6,6,6,5,6,5,3,4,5,5,6,6,6,6,5,6,5,5,4.25,5,6.25,5.5,4.25,5,5.75,6,4.75,4.5,3.75,3.25,6,4,4.5,4,4.5,5.25,4.75,4.75,5.25,4.75,5.25,4.75,5.5,4,5.5,6.5,3.25,2.75,3.75,4.75,6.5,5.75,5.25,4.25,5.25,4.25,4.25,5
33,65,1,5,5,5,6,4,5,5,5,6,5,4,5,5,6,6,4,5,5,5,6,6,5,4,5,5,5,5,2,3,5,4,4,3,6,5,5,5,5,3,5,4.5,5.5,5.25,6.25,6,4.5,5.75,5.25,6,6.25,4,4.5,4.5,6,6.25,4.25,4.5,4.25,6.25,5,6.5,6,3.25,5.25,4.25,4.75,5.25,2.25,3.25,4,3.75,4.25,1.5,6.5,5.75,4.75,5,5.25,4.25,4.75
34,67,1,7,7,7,4,6,6,6,6,5,7,2,4,4,7,7,7,4,7,4,5,7,7,6,5,6,5,6,4,3,5,4,4,4,2,5,6,5,4,4,4,5.5,5.75,5.5,4.75,4.5,5.25,5.25,5.5,4,5,4.75,4.5,5.5,4.5,5.5,5,5.5,4.75,4,5.5,4.75,5.25,5.25,4.25,4.75,4.5,5.25,5,3.25,4.25,5,4.5,4,3.5,5,5.25,5,4.5,4,3.75
35,69,1,5,6,7,7,6,4,6,6,6,6,3,4,6,7,5,4,6,6,6,6,5,7,6,7,4,6,6,4,3,4,5,4,5,4,4,5,5,6,5,5,6.5,6.25,5,5,4.5,6.75,5,5,4.25,4.5,4.5,3.25,5,3.75,4.25,5.25,3.75,4.75,2.5,4.25,4.5,5.75,5.75,2.75,6,4.75,5.25,5.5,2.5,4,6,3,3.5,2.75,5.75,6.25,5,4.25,3.5,4
36,71,1,5,6,7,5,5,5,4,6,4,5,4,4,5,5,5,5,6,5,5,5,4,6,4,5,4,5,5,4,4,3,4,4,3,5,5,4,5,6,6,5,4,4.75,6,6.5,5.5,4.5,6.25,5,7,6,4.5,4,6,6,5,4.25,5.75,5.5,6.25,4.5,6.5,5,5.75,6.25,5,5,6,2.5,4.25,3,4.75,4.75,1.75,6.25,5.75,4.75,5.5,6.5,6,6.5
37,73,1,6,6,6,6,6,6,6,6,6,7,4,3,5,6,6,4,5,5,4,6,4,5,5,5,5,5,6,6,2,3,4,6,4,4,5,6,6,6,5,5,5.25,5.75,5,5.75,5.25,5.75,6,5,6.25,6.25,4.75,4.25,4.5,5.25,6,4.5,5,5.25,5.5,5,5.75,5.75,5.25,6,5.25,5,5.75,6.25,3,4.25,4.25,5.25,5.75,3.5,5,4.75,5.5,4.25,4.75,4.5
38,75,1,6,7,6,6,5,6,5,5,6,6,5,5,6,6,6,5,5,5,5,6,5,7,6,5,6,5,6,4,3,5,4,6,3,3,6,5,6,6,5,6,5.25,5.25,5.25,5.25,4.5,3.5,5.25,5.25,5.25,5,4,3.75,5,4.25,5.25,4.5,4.5,5.25,4.75,5.25,4,4.75,4.5,4.25,4.75,4,5.25,4.75,3.25,4.5,4.5,4.25,4,4.25,5.75,4.75,4.5,5.25,4.25,4.75
39,77,1,5,6,7,7,5,5,7,6,6,6,2,6,6,6,6,5,7,5,6,5,6,7,6,6,5,5,7,5,4,2,5,4,4,3,3,NA,3,6,4,5,5.75,5.25,5.5,5.25,4.5,4.75,5,6,5.75,5,5,3.5,5.25,4.75,5,4.75,3.75,5,4.5,4.5,5.5,4,4.5,4.25,4.25,5.5,4.5,5.25,3.25,4.5,5.5,3.5,3.5,5,4.75,5.75,4.25,5.5,3.75,5
40,79,1,5,6,7,7,5,6,6,6,6,6,3,3,6,5,6,6,4,6,5,5,4,6,7,6,5,5,7,4,3,5,5,5,3,5,5,6,6,6,5,5,6.5,6.5,6.5,6,5.25,6.25,6.25,5.75,6,5.75,4.25,5.5,5,5.5,5.75,4.75,5.25,5,5,5.25,5.25,5.25,6,5.25,5,4.25,5.75,5,3,3.75,4.75,4.5,4.25,5.5,5.5,5.75,5.25,6,5.75,4.75
41,81,1,6,6,7,6,5,6,4,6,6,6,4,5,5,6,6,5,5,5,5,5,6,6,6,6,6,6,6,5,3,5,5,5,7,5,5,6,4,6,5,4,6,6.5,6.5,5.5,5.5,6.25,5.75,6.25,6,6,3.75,4.5,5.75,5.5,5.75,4.25,6.25,6,5.75,5.5,5,6,5.75,5.25,5.75,4.5,6.25,5.75,3.5,3,5.25,6,5,5.75,6.25,6,6,5.75,4,4.25
42,83,1,5,7,6,6,5,6,4,7,6,6,4,4,5,6,5,5,5,5,6,6,5,6,6,6,6,6,7,6,3,4,5,5,3,4,6,6,6,6,6,6,5.25,5.75,5.5,4.25,5.75,3.5,4.5,6,4.75,6,4,3.5,5,6.25,6.5,5.25,4.5,4.75,4.5,6.25,5,6,6,5.5,6,4.5,6,3.75,2.5,4.25,4.75,4.75,4.25,5.75,6,5.5,5.5,4.75,4,5.75
43,85,1,6,6,7,3,4,6,6,5,6,6,4,6,6,6,5,4,7,5,6,6,4,7,6,5,5,6,7,5,4,5,6,6,4,5,6,6,6,6,6,4,5.25,5.75,6.25,6,4.5,5.25,4.75,5.75,5.75,5.25,4.75,4.25,5.75,5.75,5,5,4.25,5.5,4.75,5,4.5,5.25,6.25,5,4.75,5,5.5,4,3.5,4.25,5.25,3.5,3.5,4.5,4.75,5.75,5,6,5.25,4.75
44,87,1,6,6,6,6,5,6,5,6,6,6,3,6,6,6,6,5,5,7,7,6,5,2,6,6,4,6,6,3,3,5,6,6,3,4,6,6,5,6,3,4,6,6,5.25,5.5,6,6.25,5.25,5.75,5.75,5.75,4.5,4.5,3.75,5.75,5.25,5,4.25,5,4.75,5.5,4.75,4.75,5.5,5,5,5.5,5.25,5.75,3.5,4.75,6,4.5,4.75,3.25,6,6.25,5,4.5,4.25,3.75
45,89,1,5,6,7,6,6,5,6,6,6,6,4,5,6,6,6,5,6,6,6,7,6,7,6,6,7,4,7,4,2,6,5,5,4,7,6,6,6,6,4,4,6,5,4.75,4.5,5.25,4.75,3,5.5,4.5,5.75,4.5,3.25,4.25,5,5.25,5.25,4,5,4,6.25,6.25,3.75,3.75,5.25,6.75,5,5.25,1.5,3.5,4.25,5,3.25,2.5,5.75,6.25,3.5,4,4,2.5,4
46,91,1,6,7,7,5,4,6,5,6,6,6,6,3,5,6,6,7,5,5,5,6,6,6,6,5,6,3,6,3,3,4,4,5,3,4,6,5,5,4,4,4,6.25,6.25,6.5,5.25,5.75,5.75,6,5.75,4.5,6,5,3.75,4.75,5.25,6.25,5,4.5,4.75,4.75,5,4.75,5.25,5.25,4.75,5.25,4.5,5.25,3.25,2.25,4.5,6,4.25,2.25,5.75,6,6.25,5.25,5,3.25,4.75
47,93,1,6,7,6,1,6,7,7,2,5,6,2,5,5,5,6,2,6,7,7,NA,4,NA,3,3,6,2,6,4,6,NA,3,3,7,5,3,4,6,6,2,3,5.25,6,5.5,4,4.25,4,5,4.75,5.25,4.5,4.75,4.5,5.25,5.5,4.75,3.25,4.75,5,3.75,4.25,4.5,5.75,4.75,4.25,5.5,4,5.25,4.75,3.25,2.75,4.5,4,4.75,5,3.75,5.25,5,4,3.5,4.25
48,95,1,NA,NA,NA,NA,NA,NA,NA,NA,NA,NA,NA,NA,NA,NA,NA,NA,NA,NA,NA,NA,NA,NA,NA,NA,6,6,6,4,2,4,6,4,4,5,5,5,5,5,4,4,4.5,5.5,5.5,5.75,5.25,5.5,5.75,5.75,5.75,5.5,4.25,4.25,5.5,5.75,5.5,5,5,5,6,5,4.25,5.5,5.5,5.75,5.25,4,5.5,5.25,2.25,4.25,5,4.5,3.75,4.666666667,4.75,5.25,5.25,5.25,4.75,4.75
49,97,1,5,7,7,6,6,6,6,7,6,6,4,4,5,6,5,5,6,6,6,5,5,5,6,5,6,5,6,4,3,3,4,5,5,4,5,6,6,6,4,5,5,5,5.75,5.75,6.5,5.5,5.5,5.75,5.5,5.25,4,4.25,5.75,5,5.75,4.25,5,5.5,3.75,5.75,6.5,3.75,5.25,5.25,5.75,5.25,5.75,2.75,2,5.75,4.25,3.25,3.5,5.5,5.25,5.5,5.25,5.25,3.5,5
50,99,1,7,7,7,7,7,7,7,7,7,7,4,4,7,6,7,4,6,4,6,6,6,6,6,6,4,5,7,4,2,4,7,6,2,7,7,7,7,7,7,7,6.25,6.5,6.5,6.75,6,5.75,5.5,6.5,5.75,6,4.75,4,4.75,5.5,6.5,5.25,4.5,5,4.75,5.75,6,5.75,6,5,5.25,5,6.25,3,2.75,4.75,6.5,5,2.25,5.75,5.5,6,5.75,4.75,4.5,4
51,101,1,5,7,7,7,7,5,6,7,7,7,4,6,7,7,7,5,7,7,7,7,6,5,7,7,7,5,7,2,4,6,4,7,1,7,7,7,7,7,7,7,5.5,5.5,5.75,5.75,5,4.75,5.25,6,5.75,6.5,4.75,3.75,4.75,5.75,6.5,5.5,2.75,4.75,4.75,6,6.25,5,5.75,5.5,5.5,3.25,6,2.5,3.5,5.75,5,4.25,1.75,5.75,6,5.5,5.5,5.25,5.25,5.25
52,103,1,7,7,7,6,5,5,5,7,6,6,5,3,4,5,6,4,6,7,3,6,4,7,7,7,5,6,5,4,3,4,5,3,4,5,6,6,4,7,5,5,4.5,5.5,6.25,5.25,5.5,5,5.5,6.25,5.25,6.25,3.75,5,5.75,5,5.75,4,4,5,3.5,5.25,4,4.25,6.25,3,5,5.5,6,6.25,2.5,5.25,5,4,5.5,3.75,5.5,5.5,4.5,6,3.25,4.5
53,105,1,5,6,6,5,5,5,6,6,5,5,4,5,6,5,5,5,5,5,5,5,5,6,5,6,4,4,6,4,4,4,4,5,4,5,5,5,5,5,5,5,4,5,5.25,4.25,4,3.75,4.75,5.25,4.75,5,4.25,3.75,5,3.75,5,4.25,3.75,4,3.5,5,4.75,4.5,4.75,3.25,3.5,3.5,4.75,4.5,2.75,5,4,3.25,4.25,4,4.75,3.75,3.75,5.5,4.25,4.5
54,107,1,6,7,7,7,7,6,5,7,6,6,4,4,5,6,6,5,5,7,6,7,5,6,6,6,7,4,7,5,3,4,5,6,3,6,6,6,6,6,5,5,4.5,6,3.75,3.25,4.25,5.5,5.25,4,4.75,4.5,4.75,4.25,4.5,4.25,4.5,4.75,3.25,4.25,4,4.25,4.75,5.25,4.75,3.5,4.25,4.25,5,3.75,3.5,4.25,5,4.25,3.75,5.25,4.25,5,4.5,3.75,4.5,4.25
55,109,1,5,7,7,6,6,7,5,7,7,6,4,4,6,6,6,6,6,6,3,2,5,7,5,6,6,6,6,3,2,5,6,4,3,6,6,6,6,6,6,5,5.25,6.25,6,6,4.75,5.5,6.5,6.5,5.5,5.5,4,5.5,6.5,5.5,5.5,4,6,5.5,5,5,4.5,6.5,6,6.5,5,2.75,6.5,5.75,2.5,3.75,5,5.25,3.75,5,5,6,5.75,6,5.25,5.5
56,111,1,4,1,1,3,4,3,3,2,6,4,4,5,5,4,6,4,6,5,5,6,6,7,7,7,6,7,7,7,6,5,4,6,4,5,6,6,3,6,2,5,4.5,5.5,5.75,5.5,4,5.25,5.75,5.75,5,4.5,4.5,5.25,5.5,5.25,4.5,3.5,4.5,5.333333333,5.25,4.75,4.25,4.25,5,4,3.75,2.75,5,5.5,3.25,3,4.5,4.75,4.75,4.5,5,5,4.75,5,3.25,3.5
57,113,1,6,6,7,6,4,7,5,7,5,6,4,5,6,6,6,5,6,7,6,7,6,7,6,5,5,4,6,5,3,4,5,5,6,6,7,5,5,7,7,5,4.5,5.25,6,5,5,4.5,4.75,6,4.75,5,3.75,5,5.5,5.25,5,4.25,4.5,6,5.25,4.75,4.75,5.5,5.5,4.75,4.75,2.25,5.5,5.5,3.75,3.25,3.25,4.75,5,4.75,4.5,4.25,5.5,4.75,4.5,4.75
58,115,1,7,6,7,7,5,7,7,6,7,7,6,5,5,7,7,6,7,6,6,7,6,7,5,7,6,5,7,2,3,5,6,6,2,7,7,7,6,7,7,7,6.25,4.75,6.5,6,6,5.5,5.25,5.25,5.75,6.5,6.25,3.25,4.5,4.5,6.75,6.5,5.5,5,4.25,6.25,6,5,6.5,5.5,6,5.25,6.25,3.75,4,6.25,6.5,4.5,2.25,4.5,6,5.5,6.25,5.5,6.25,6.25
59,117,1,4,6,6,4,6,3,6,6,6,6,4,5,6,6,6,4,4,6,5,6,4,5,6,4,5,5,4,6,6,5,3,4,5,4,5,3,6,4,6,6,5.25,5.75,5.5,6.25,5,4.75,5.75,6,6,5.25,4.75,4,5.75,5.25,5.75,4.75,4,5.75,5.75,5.75,5,5,5.25,5,5.25,4.25,5.25,5.5,3.25,5,4.5,4.5,3.75,4.75,5.5,5.5,5.5,5.75,4.25,4.25
60,119,1,5,7,7,7,4,6,6,7,7,5,4,5,4,7,5,5,5,5,7,5,4,7,6,7,4,5,7,5,3,5,5,5,4,6,5,5,4,5,4,4,3.5,3.5,4.5,3.5,3.25,4,4.75,4.5,4,3.75,3,4.25,5,3.5,3.75,3.25,3,3,4,4.25,4,3.75,3.75,4,4.25,3,4.5,4,3.75,2.75,3.75,4.75,4.25,4.5,4.75,4.5,4.75,4.75,4.25,3.25
61,121,1,6,6,7,6,4,6,5,6,6,6,4,3,3,6,6,5,6,6,6,6,6,7,7,7,5,3,6,4,3,4,6,5,2,6,6,6,6,6,4,5,4.5,5.5,6,5,4.75,5.5,5,6.25,3.25,4.5,3.25,3.75,5.75,4.5,5.5,4,3,4.5,3.5,5.75,5.75,5.75,5.75,3.5,4.25,4.5,5.5,4.25,2.25,5,4.75,4.75,4,3.75,5.75,4.75,5,4,3,4
62,123,1,5,6,6,5,4,2,6,6,6,6,3,2,6,4,5,5,5,6,4,6,4,5,6,7,6,2,6,4,2,2,5,4,4,7,7,5,6,6,2,5,5.5,5.75,5.75,5.75,3.5,5.75,6.25,5.5,6,4.75,3.75,4.25,5.25,5,4.75,4.75,4.5,4.75,5.25,5.25,4,6.25,5,5.5,4.75,4,5.25,5.75,3,3.25,5.25,4.75,6,5.75,4.5,5.5,5.5,5.25,3.5,4.25
63,125,1,5,5,5,5,5,5,5,5,5,6,4,3,4,6,6,5,6,4,6,5,7,6,4,5,6,3,5,4,4,5,4,4,4,6,6,6,4,5,4,5,2.5,4,4.75,3.5,3.5,3.25,4.5,4.5,2.75,4,2.25,5,4.75,2.75,4.25,2.5,4.25,3.75,2.75,4.75,4,2.75,3.75,3,5,4,5,3.25,3.25,4.25,2.75,4.25,3.75,3.75,3.75,2.75,4.25,4.5,4,3.25
64,127,1,6,6,5,5,5,5,5,5,5,5,4,3,5,5,6,5,4,5,5,6,7,5,6,5,6,5,5,5,4,6,6,5,1,5,5,5,4,5,4,5,4.75,6,5.75,3.75,5,5.25,6.25,5,5.25,5.5,4,4.25,5.5,6.5,5.5,4,3,4,7,6,6.75,5.5,6.75,4.75,6.25,5,5.5,2.25,2.5,4.5,4.5,5.5,1.75,5.25,5.75,4.75,5.75,4.25,5,4.5
65,129,1,5,6,6,5,6,5,6,5,5,6,4,5,5,5,7,4,6,4,5,7,5,6,6,5,7,3,5,4,3,7,5,5,2,4,6,6,6,5,3,3,4,5.5,5.5,3,6.25,4.5,6,5.5,3.5,5.25,3.75,3.25,5.75,3.25,6,3.25,4,5,3.25,6.25,4.5,5.75,5.75,3.75,6.25,3,4.75,4.5,1.75,5.25,3.75,4.5,4.25,4.25,4.5,5,5.25,4.75,4,4.5
66,131,1,6,6,6,7,5,6,7,6,6,6,4,4,6,6,6,6,6,6,6,6,6,6,6,6,6,5,6,4,2,5,5,4,2,6,6,5,5,6,2,5,5,5.5,5.5,5.75,5.5,5.75,5.25,6,6,6.25,4.75,3.75,5.25,4.75,6.5,5.75,4.75,5.75,4.5,6.25,5.25,5,5.75,5,4.75,5.5,5.75,2.5,3,5.25,5,3.25,2.25,4.75,5.75,5,4.25,5,4,5
67,133,1,3,7,7,5,4,5,6,5,4,5,3,4,6,6,5,3,6,5,4,5,1,7,6,6,4,1,6,6,2,4,3,5,6,5,4,5,6,6,4,3,3.75,6,6.5,5.5,3.75,4.25,6.25,6,3.75,4.75,3.25,4.75,6.25,4,5.25,3,5.25,5.25,4.25,5.5,4.25,6,6.25,6,3.25,2.75,6.5,6.25,2.5,3.75,2.5,6.25,6.5,3.75,5.5,4.25,6.25,6,4.75,4.25
68,135,1,6,7,7,7,5,2,4,5,5,6,4,5,5,6,6,6,5,6,6,5,5,5,5,6,6,5,6,5,3,5,5,5,4,7,6,6,6,7,7,5,5,4.5,5.5,6,4.5,5,4.75,5.5,5,5,5,3.25,4.5,5,4.75,5,4.25,5.75,4.25,4.5,4.5,5.25,6.25,4.5,4.75,4.5,5.25,4,3.25,4.5,4.75,4.75,3.75,4,4.5,4.75,4.75,4.5,4.75,4.5
69,137,1,6,6,7,6,6,7,6,6,6,6,6,3,6,7,7,5,6,6,7,7,6,6,6,6,6,2,6,3,3,5,5,5,3,6,6,6,6,6,6,5,5.75,6.25,5.75,5.75,6,6.25,5.75,6.25,5.5,6,5.25,3.25,5.5,4.25,6,5.25,5.25,5.5,3.75,5.75,5,5.25,6.25,4.75,5.5,4.5,5.5,5.25,2.25,5.25,4.5,5,3,5,5.75,6,5.25,5.25,3.75,4.5
70,139,1,6,7,7,6,6,7,6,7,7,7,4,5,6,6,7,5,6,7,5,6,4,6,7,6,5,4,7,4,4,6,6,6,4,4,6,7,5,7,6,6,6.5,5.25,5.5,5.5,5,5.5,4.5,5.5,5.5,5.75,4.75,3,4.75,4.75,6,5,3.25,5,4,5.25,5,4.5,6,4,4.5,5.5,5,5.25,3.5,5,5.25,4.25,5,5,5.75,5.75,4.75,5.25,3.75,5
71,141,1,6,7,6,5,5,6,5,6,6,5,4,5,5,6,5,5,6,5,6,7,7,6,6,6,6,4,7,2,2,6,5,4,3,6,7,6,5,6,4,3,4.75,4.75,5.25,5.5,4,5.5,5,5.75,3.75,4.75,4,3.25,4.75,4.75,5.75,4.75,4.75,5,5,6,4.5,5.5,5,5.25,5.25,4.5,5,2.5,3,5.75,4,3,2.75,6,5.25,5,4.75,5.5,4.25,4.5
72,143,1,6,7,6,6,4,6,6,6,6,6,5,5,5,6,7,4,5,4,6,4,5,7,6,5,4,5,7,3,3,5,5,6,2,6,6,5,6,5,5,4,5.75,5.5,6.5,6,6.25,5.75,6.5,6,4.75,5.5,3.75,4.75,5.25,5.5,6.25,4.5,5.5,5.75,5,5.5,3.25,6,6.25,5.5,5.25,3.75,6,5.75,3.25,4.5,5.5,4.25,5,3.25,5,5.5,4.75,6.25,5.25,6.25
73,145,1,7,7,7,7,6,7,7,4,7,7,4,7,7,7,7,4,7,7,4,NA,4,7,7,7,7,7,7,7,1,1,1,7,1,7,7,7,7,7,4,4,3,5.25,5.5,4.25,3.25,4.75,5.5,5.5,3,3.75,2.5,5,5.25,4,3.75,2.75,5,5.25,3.75,3.5,3.75,5.75,6,3.25,3.75,4,4.75,4.75,2.25,3.25,3.5,5,4.5,2.75,3.5,3.75,5.5,5,2.75,3.5
74,147,1,3,6,6,7,4,6,6,6,6,4,4,5,5,6,6,4,5,5,5,6,4,6,6,6,4,4,6,6,5,4,4,6,6,6,4,4,6,6,6,6,6,5.25,5.5,4.75,4.5,6,4.5,5.5,5.75,5.75,5.75,2.5,5,5,5.5,5.5,1.5,4.5,4.25,3.75,5.5,4.75,5.75,2.75,4.5,6.25,4.25,3,2,4.25,6,3.5,3,3.25,6.25,6.5,4.75,4.5,2.75,4.75
75,149,1,6,7,7,7,7,4,6,7,7,7,4,4,6,6,7,3,3,6,5,6,6,6,7,7,6,7,7,6,1,3,2,5,6,4,4,5,6,5,4,4,6,5.75,6.5,6.5,5.75,6.5,6,6,6.25,6,4.25,4,5.75,5.75,5.75,3.75,5.25,5.5,5.25,5.75,4.75,5,6,5.75,4.25,5.75,5.75,5.75,3.5,4.75,5.5,4.25,3.75,4.5,5.25,4.5,5,5,5.75,5.75
76,151,1,6,7,7,7,7,7,4,7,7,7,4,4,7,7,7,7,4,6,6,7,7,7,7,7,7,4,6,4,3,4,7,4,4,4,5,7,4,7,4,3,4.5,4.75,5,4.75,4.75,4.25,4.75,4.5,4.75,4.5,4.75,3.5,4.5,3,4.75,4.75,2.75,4.5,4,4.75,5,3.75,5.25,4.75,4.25,4.75,5,3,3,4.5,3.5,4.25,3.5,4.5,5,5,4.5,4.5,4,4.25
77,153,1,6,6,7,6,7,6,6,7,7,7,4,5,7,6,7,4,6,6,6,7,7,7,7,7,7,3,7,4,4,6,4,5,3,6,6,7,6,7,6,6,5.75,5.75,6,4.75,5,5.75,5.75,5.75,4.5,5.75,5,4.25,5.75,4.25,5.5,4.75,5.5,4.5,3.75,5.5,5.25,5.5,5.75,4.75,4.75,3.75,6,3.25,3,5.5,5.5,4.75,2.5,4.5,5,6,5,3.75,4.25,5.25
78,155,1,6,7,5,7,6,6,6,6,6,5,4,4,5,5,6,5,5,5,5,5,4,6,6,6,6,4,6,6,4,4,4,5,5,6,5,5,6,5,5,5,5.5,4.75,6.25,6,5.25,5.5,4.75,5.75,5.75,5.5,5.5,2.75,5.5,4.75,6.5,5.5,4.25,6.25,5,5.75,4,5.25,6.25,4,5.25,5.25,5.5,4.5,3.75,5.25,5,4.5,5,4.75,6.5,5,4.5,5.25,4.75,5.5
79,157,1,6,7,6,6,6,6,6,6,5,6,4,3,6,5,6,4,6,6,4,7,6,5,5,5,6,4,7,3,3,6,4,5,2,4,6,5,6,6,4,5,4.75,6,5,3.5,5,4.5,5.25,4.25,4.25,5.75,4.5,4.25,3.5,4,6.25,5.25,4.5,3.75,4.5,3.5,5.75,6.25,5.25,3.5,6.25,4.5,6,2.5,1.5,5,4.75,5.25,2.75,4.25,5.75,5.75,6,3.25,2.75,4.25
80,159,1,5,6,6,6,6,5,7,7,6,6,4,3,6,4,7,5,6,6,5,6,5,7,7,7,6,6,6,4,3,6,5,6,4,4,5,5,6,7,4,5,5.5,6,5.25,5,5,5.5,5.5,5.5,4.5,5.75,4,6,4.75,4.5,6,4.5,5.5,5,4.75,5,4,5.75,6,5.5,5.5,4.5,5.75,4.75,3,5,5.25,4.25,4.75,5.25,5.5,4.75,5.25,4.75,4.75,4.75
81,161,1,7,7,7,7,7,7,4,4,7,7,3,4,6,7,7,7,4,6,6,4,4,7,6,4,7,3,6,4,4,4,4,5,6,6,7,7,6,4,4,4,5.5,6,4,4.5,4.25,5.25,5,4.25,3.75,4.75,3.25,3.75,3.75,4.75,4.5,4.5,4.25,3.25,4,4,3.75,5.5,4.25,4.5,5,3.75,5.5,4.5,2.75,4.25,5.75,4.75,5,5.25,5.75,6,4.75,3.75,4.5,4
82,163,1,5,6,6,6,5,4,5,5,5,5,4,5,5,5,5,4,5,5,5,5,4,5,5,5,4,5,5,5,3,3,4,5,5,5,5,5,5,5,5,5,6.25,6.25,6.5,5.25,5,6.25,6,5.75,5.25,5.25,4.75,4.5,6,5.25,5.25,4.5,5.25,5.75,4.75,5.25,4.25,5.5,5.75,5.25,5,3.75,5.5,6,3,3.5,5.25,5.25,5.25,5,5,5.5,5.25,5.75,4,4
83,165,1,6,6,6,6,6,6,6,6,7,6,4,6,6,6,6,5,6,5,6,6,5,6,6,6,7,3,6,4,3,6,4,6,3,5,6,6,6,6,5,5,4.25,6.25,6.25,6,5,4.25,6,6.5,5.75,5.25,3.75,5.25,5.25,4.75,6,4,6,5.25,5,5.25,6,6.25,6,5.75,5.5,3.25,6,2.75,2.5,3.75,4,4.75,1.5,4.5,5.5,5.5,5.75,6.5,4,4.5
84,167,1,5,7,7,7,6,6,7,6,7,7,4,3,7,5,7,5,6,6,6,6,4,7,7,7,7,7,7,4,3,3,5,5,4,5,5,6,7,6,4,4,4.5,5.25,5,5.75,5,4.75,5.25,5.5,4.75,5,4.5,3.5,5.25,5,5.5,4.25,5.25,4.25,4,5.25,4.25,5,5,3.75,5.5,3.5,5.25,4.25,3.25,4.25,5,4,3.5,5,5.25,5.25,4.5,4.75,4.5,3.75
85,169,1,6,6,7,7,4,7,4,6,7,5,4,5,6,6,5,5,6,5,6,3,3,7,7,5,5,6,6,7,2,3,6,7,3,7,6,4,7,7,4,4,4.75,5.25,6,5.5,5.25,5.5,5.25,5.5,5.5,5.5,5,2.75,5.5,4.25,5.25,4.75,4,5,4.75,5.5,4.75,5,5.5,3.5,4.5,5.25,5.75,5,3.25,4.5,5.75,4.5,5,3.5,5,5.5,4.75,5.75,4.75,4.75
86,171,1,5,6,6,3,5,5,5,5,4,5,4,4,5,4,5,4,4,5,5,5,4,6,5,5,5,5,5,6,2,4,4,3,4,4,5,6,6,5,5,5,5.25,5,5.25,4.5,4.75,4.5,4.75,4.75,5,5,4,3.5,4.25,4.5,4.5,4,3.75,4.5,5,4.75,4.75,5,4.75,3.5,4.75,4.75,4.75,4.75,3.5,4,5,4.75,4.75,4.5,4.75,5.25,3.75,4.25,4.5,4.25
87,173,1,6,6,6,5,6,6,6,6,5,6,4,4,5,4,6,5,5,6,4,5,6,5,6,5,5,5,6,3,3,6,6,4,3,5,5,5,6,5,6,5,5.75,6,6,5.75,6.25,6,6,6,5,5.75,4.25,3.75,5,5.75,6.75,4.5,5,6,5,6.25,6,5.25,5.75,5,6,3.5,5.75,2.75,3,6,5.25,4.25,2,4.75,6,5.75,5,5.5,4.75,5.75
88,175,1,6,6,7,7,4,6,7,7,7,7,4,5,5,7,7,4,6,6,7,7,5,7,5,7,6,4,7,6,4,5,5,5,5,6,7,5,5,5,5,4,5.75,6.75,6,6,6,5.5,6,5.75,5,5.5,4,4.5,5,5,5.75,4,5,4.5,5.25,5,5,5.5,5.25,5.5,5.5,4.25,5.75,6,3,4.5,5.75,5,5.25,5,5.5,5.25,5,4.75,3.5,4.25
89,177,1,5,6,6,7,6,6,6,6,7,7,4,5,5,7,6,5,6,6,7,6,5,7,5,7,5,4,6,4,4,4,6,6,4,5,6,7,5,7,4,4,4.5,5.75,6.25,6.25,5,4.75,5,6,5.5,5,5,3.5,5.75,5,5,4.75,4,5.25,5,5.25,4.5,5.5,5.25,4.75,4.25,5,5.25,4,3.75,4.25,4.25,3.5,4.5,5,4.5,5.5,3.25,6.25,4.25,5
90,179,1,NA,NA,NA,NA,NA,NA,NA,NA,NA,NA,NA,NA,NA,NA,NA,NA,NA,NA,NA,NA,NA,NA,NA,NA,NA,NA,NA,NA,NA,NA,NA,NA,NA,NA,NA,NA,NA,NA,NA,NA,NA,NA,NA,NA,NA,NA,NA,NA,NA,NA,NA,NA,NA,NA,NA,NA,NA,NA,NA,NA,NA,NA,NA,NA,NA,NA,NA,NA,NA,NA,NA,NA,NA,NA,NA,NA,NA,NA,NA,NA
91,181,1,7,7,7,7,4,6,5,6,6,6,4,4,6,6,7,4,4,5,6,6,6,7,7,7,5,5,6,6,4,4,5,6,4,7,7,7,7,7,4,4,4.75,6,6.25,6.75,4.25,5,6,6.75,6.25,5,4.75,4.25,6,6,4.75,3.5,5,6,5.75,6,5.5,6,6.5,5.75,4.75,3.75,6,5.5,3.5,2.75,4.75,5.5,5.5,4.25,4.5,5.25,4.5,6,5.75,4.5
92,183,1,5,6,5,6,5,5,5,6,5,5,4,4,5,6,6,4,5,5,5,5,5,6,6,5,4,5,6,4,5,5,5,5,4,6,5,5,6,5,5,5,5.5,5.75,6,5.5,5.5,5.75,5,6,5,5.75,5,4.25,5,5.75,5.75,5.5,3.75,4.75,4.25,5.5,5,5.5,5.75,3.75,4.5,5,5,4.5,3.5,5,5.25,4.25,3.5,5.25,5,5.5,5,5.5,4.75,5.25
93,185,1,4,5,5,4,5,3,2,5,3,5,4,5,5,5,5,4,4,3,5,5,5,5,5,4,5,4,5,2,3,4,5,5,5,5,3,5,5,4,6,3,5,4.75,5.5,5.25,4.5,4.75,5,5.25,5.5,4.75,4.5,4.25,5.5,5,4.25,4.75,4.75,5.75,4.25,4.25,5,5.75,5.75,4.25,5.25,5.25,5,6,3.25,3.5,4.5,4,4.5,4.75,4.75,5,4.25,5.5,4,4.25
94,187,1,5,7,7,6,5,6,6,7,6,6,4,4,5,6,6,5,6,4,6,6,5,7,5,7,6,6,7,3,3,4,5,5,4,5,5,6,5,5,5,4,5,6.5,6.5,4.25,5,6,6.5,6,4.75,5,3.5,5.5,6.25,4,5,3.75,6.25,5.5,4.75,4.5,3.75,4.75,6.25,4.75,5.5,3.5,5.75,4.75,2.5,5,4.5,5.5,4.25,3.75,5,5.25,6,5.75,4.25,4
95,189,1,5,7,7,7,7,6,4,7,6,7,5,4,5,5,6,4,4,5,6,5,4,5,6,5,5,4,6,4,3,4,4,5,4,5,5,5,6,6,5,5,3.75,4.75,5.75,3.75,5.5,3.75,4,4.75,5,5,4.25,4.25,4.5,5,4.75,4,4,4.75,4.75,5,4.75,3,3.5,4.5,4.5,3.5,5,4.25,4.25,4.25,4.5,3,3.25,4.75,4.75,4,3.5,4.75,3.5,5
96,191,1,5,5,7,6,5,5,6,6,6,6,4,4,5,6,7,5,7,6,6,5,6,6,5,5,5,5,6,4,3,5,4,5,4,5,5,6,5,6,5,5,4.75,4.25,5,4,6,4.5,5.5,5,4,6.75,4.5,5,3.75,4.5,6.75,4.75,4.5,3.25,4.25,5.25,5.5,5.75,5,3.75,4.75,4,5.25,4,4,4.75,5.75,3.75,2.75,4.25,6,5.75,4.75,4.5,4,6
97,193,1,5,6,6,5,6,6,5,6,6,7,4,4,5,5,7,5,5,5,4,5,5,5,6,4,5,5,6,5,3,6,4,5,6,4,5,6,6,5,3,4,6.25,6.75,6.75,5,5.75,6.75,6.5,6.75,5.75,6.5,5,4.25,6.25,5.25,6.75,5,4.5,5.5,5,6.75,4,6.5,7,4,5.25,4.5,6.75,6,2.25,5.25,6.25,5.5,5.25,4.75,5.75,6.75,6.5,5.75,5.5,6.25
98,195,1,6,7,7,7,6,6,6,7,6,6,5,NA,6,6,7,6,7,7,6,6,6,7,6,6,6,6,7,4,2,6,6,3,5,6,6,6,3,5,5,5,4,4.25,5,5,4.25,4.75,5,5,4.5,5,3,4.5,5.25,4.25,5,3.5,4,4.5,4,4.25,4,4.75,5.25,4.25,4,4.5,4.75,4.75,3,4.75,3.5,3.75,4.25,4.75,3.75,3.75,4.25,4.25,3.75,4
99,197,1,NA,NA,NA,NA,NA,NA,NA,NA,NA,NA,NA,NA,NA,NA,NA,NA,NA,NA,NA,NA,NA,NA,NA,NA,NA,NA,NA,NA,NA,NA,NA,NA,NA,NA,NA,NA,NA,NA,NA,NA,5.25,6,5.25,5.75,4,5.25,5.25,5.5,5.25,4.75,3.5,5.25,5,5,4.75,3.75,6,4.25,5,4.5,2.25,6.25,4.5,5.5,4,4.75,5.5,5.75,3.25,3.25,4.75,4.5,4.75,5,4.75,6,5.25,4.25,3.75,3
100,199,1,5,5,7,4,7,6,6,7,5,7,4,2,7,6,7,5,5,6,5,7,7,7,7,5,7,4,6,1,2,7,7,4,3,5,7,6,6,6,7,7,4.25,5.25,6.5,4.75,6.25,5.5,5.25,6,4.75,6,4.25,3,5.75,4.25,6.5,4.25,2.25,5,4.25,6,4.5,4.75,5.5,3.75,5,4.5,5.5,4,2.5,4.5,4,3.75,3.25,4,5.5,4.25,4.75,5,4.25,5
101,201,1,6,6,7,7,6,6,6,6,6,6,4,4,6,5,6,5,5,7,6,6,6,7,7,6,6,5,7,5,3,5,5,4,4,5,6,6,5,6,4,5,4.75,5.75,6.5,4.75,4.5,5.5,6,6.25,5.25,6.25,3.75,4.25,5.75,4,6.25,4.75,5.5,5.25,4.25,5.5,4.75,5.5,5,4.75,4.25,4.25,5.75,4.75,2.25,4.75,4.5,4,4.75,3.75,5,5,4.5,5.75,4,5
102,203,1,6,6,7,5,4,6,4,6,5,6,4,4,4,5,6,5,4,4,5,6,6,4,6,4,6,5,5,3,3,6,6,4,3,5,7,6,5,5,4,4,5,6,6.5,4.25,4.75,4,5.25,6.5,3.25,6.25,3.75,3.5,5.25,3.75,6.75,4.25,4.5,4.75,3.5,6,4.75,5,4.75,4,5.5,3.25,6,3.75,2.5,5.5,5,5.25,2.25,4.5,5.5,5,5.5,4.75,3.5,4.75
103,205,1,6,7,7,7,7,6,5,7,7,7,4,4,6,7,7,6,3,6,7,7,7,7,7,7,6,4,7,4,3,4,6,4,2,4,7,7,7,6,4,3,5,6,6,5.75,5,5.5,5.75,5.25,4.5,5.25,4.25,4,4.75,5,5.5,4.75,5,5.5,5.25,5.75,4.25,5.25,5.5,4.5,4.5,4.5,5.25,4.25,2.5,5.5,5.5,4.25,3,4.5,5.5,5.75,5.25,5.75,4.25,5
104,207,1,6,6,6,7,5,7,6,6,6,7,5,5,5,7,7,5,6,5,6,2,7,6,6,6,5,6,6,5,3,5,5,4,5,4,5,6,5,6,5,5,4.75,5.5,6.5,3.5,5,4.25,5,5.25,5.5,5.75,4,4.75,5.5,5.25,6.5,4,5,5.75,5,5.5,5.75,5.25,6.5,6,4.75,3.5,5.75,4.25,3.75,5.75,3.5,4.75,4.5,3.75,5,4.75,4.75,5.75,5.25,5.5
105,209,1,5,7,7,7,5,6,6,7,6,6,4,5,6,4,6,5,5,6,5,7,4,5,5,6,6,5,6,4,4,5,5,5,4,3,5,5,5,6,5,4,5,6,6.5,5.5,5.25,6,6,5.25,4.25,5.5,4,5,6.5,4.5,5.5,3.75,4.25,6.25,5,6,5.25,6.25,6.25,3,5.75,6.5,6,6.25,1.25,3.25,4.25,5.5,4.75,4.5,5,4.75,5.75,6.5,4.25,4.5
106,211,1,6,6,6,5,6,6,6,6,6,6,4,4,6,6,6,4,6,6,6,6,4,5,6,4,6,6,6,6,4,4,6,6,4,6,6,6,6,6,6,6,6.75,6.5,6.75,4.75,5.25,6.5,5.5,6.75,5.25,6.25,6.25,2.25,5.5,4,6.5,6,2.5,5.25,4.25,6.25,4.25,5,6.75,2,6.25,6.25,5.25,5.5,1.75,6,6.75,4,4.75,4.25,6.25,6.5,5.75,5.25,3,5
107,213,1,6,6,7,7,6,6,7,7,7,7,4,4,6,6,7,6,7,7,7,7,5,5,7,7,7,4,7,6,4,6,4,6,6,7,7,7,6,7,7,6,5.5,6.25,6.5,5.25,5.25,5.75,6,6.25,5.5,5.25,3.75,3.75,5.5,5.25,5.5,4,5.25,5,5,5.25,5,6,6,5.25,4.5,3.5,6.25,5.75,3.25,4.25,3.25,5.25,6,4.25,5.75,5.75,5,6,4.75,5.25
